Preprocessing Time (s),Feature Extraction Time (s),Prediction Time (s),Accuracy,Num Normals,CPU Utilization (%),Model Confidence
0.00414157,0.00366109,0.0201571,1,193,3.90625,12.1016
0.00130336,0.00109901,0.00643815,1,191,3.90625,11.8241
0.00290009,0.00341328,0.0208413,1,202,3.90625,12.2919
0.003725,0.00324939,0.020027,1,192,3.90625,11.4884
0.00143932,0.0017552,0.0107196,1,196,3.90625,11.5752
0.00300204,0.00297242,0.026734,1,196,3.90625,11.1846
0.00363342,0.00399368,0.0158984,1,193,3.90625,11.4774
0.00143061,0.00158041,0.0103509,1,199,3.90625,11.969
0.00340296,0.00344524,0.0208705,1,197,3.90625,12.0442
0.00330007,0.00345605,0.0207156,1,201,3.90625,10.9902
0.00145655,0.00164958,0.0108361,1,193,3.90625,11.5091
0.00336676,0.00331584,0.0208107,1,195,3.90625,12.0584
0.00352892,0.00327466,0.0227631,1,193,3.90625,11.2376
0.0011338,0.00111316,0.00694293,1,197,3.90625,11.5905
0.00343165,0.00303269,0.0221933,1,189,3.90625,10.4503
0.00471116,0.00366862,0.0211712,1,199,3.90625,12.2673
0.0011209,0.00109556,0.00667371,1,194,3.90625,12.1294
0.00334716,0.00321609,0.0248149,1,193,19.6289,11.6079
0.00338146,0.00328086,0.0202687,1,197,19.6289,11.8811
0.00223672,0.0021572,0.013228,1,194,19.6289,12.5355
0.00200765,0.00240538,0.0145697,1,197,19.6289,12.8629
0.00336291,0.0033097,0.0201332,1,197,19.6289,12.4802
0.0033749,0.00348481,0.0209376,0.995074,203,19.6289,11.7364
0.00170144,0.00177812,0.0108682,1,195,19.6289,11.9815
0.0034182,0.00341526,0.0205683,1,198,19.6289,12.0749
0.00175999,0.00203626,0.0132677,1,194,19.6289,11.8203
0.00343841,0.00350258,0.0216409,1,203,19.6289,11.5094
0.0015417,0.00160702,0.00973759,1,201,19.6289,11.9292
0.00296247,0.00305739,0.0190532,1,203,19.6289,11.9149
0.00342335,0.00317211,0.0199013,1,191,19.6289,11.4079
0.00343554,0.0033734,0.0206432,1,199,19.6289,11.8852
0.00131221,0.00131698,0.00807073,1,197,19.6289,12.2496
0.00340159,0.00317051,0.0198923,1,192,19.6289,11.1879
0.0021951,0.00248971,0.0210471,1,191,19.6289,11.4158
0.00459166,0.00344189,0.0217906,1,192,19.6289,11.593
0.00145681,0.00143143,0.0123877,1,189,19.6289,10.93
0.00451298,0.00332147,0.0230245,1,196,19.6289,11.7724
0.00150891,0.00160763,0.0123954,1,192,19.6289,11.4216
0.00337277,0.00336381,0.0250609,1,199,19.6289,11.3072
0.00152105,0.00184057,0.0136316,1,210,19.6289,12.6559
0.0033125,0.0034897,0.0233727,1,198,19.6289,11.3642
0.00444586,0.00334008,0.0230547,1,199,19.6289,12.8676
0.00251238,0.00291533,0.0193897,1,196,19.6289,12.1408
0.00175129,0.00175899,0.0112838,1,197,19.6289,12.1352
0.00336082,0.00334487,0.0219772,1,199,19.6289,12.7376
0.00353127,0.0031621,0.0200114,1,190,19.6289,12.5712
0.0017928,0.00215523,0.0144063,1,198,19.6289,11.7471
0.00339146,0.00322087,0.0207805,1,193,19.6289,12.33
0.00415048,0.00348331,0.0215941,1,191,19.6289,12.6663
0.00172186,0.0017484,0.0114533,1,196,19.6289,11.8193
0.00139308,0.00143157,0.0110753,1,191,19.6289,11.9967
0.00340099,0.00319968,0.0211054,1,192,19.6289,11.8112
0.00457811,0.00345832,0.0172481,1,190,19.6289,11.317
0.00166158,0.00134394,0.00717664,1,188,19.6289,12.3562
0.00398474,0.0034008,0.0208237,1,197,19.6289,12.3961
0.00179694,0.00171194,0.0138251,1,194,19.6289,11.374
0.00273523,0.00254157,0.0159905,1,192,19.6289,12.9606
0.00341265,0.0034074,0.0209119,1,202,19.6289,12.26
0.00341474,0.00359987,0.0214703,1,200,19.6289,12.4443
0.00112618,0.00117134,0.00693988,1,203,19.6289,12.9146
0.00142321,0.00112578,0.00746338,1,194,19.6289,11.7435
0.0034147,0.00334002,0.0231588,1,198,19.6289,11.6828
0.00339128,0.00319012,0.010478,1,192,19.6289,10.9848
0.00355483,0.00320836,0.0221431,1,190,19.6289,11.6975
0.00116133,0.00107204,0.00736034,1,191,19.6289,11.0852
0.00398887,0.00325587,0.0192536,1,193,19.6289,11.6986
0.00114763,0.00112765,0.00684252,1,197,19.6289,11.3017
0.00342308,0.00362289,0.0217799,1,207,18.0176,11.941
0.00406605,0.00342693,0.0212891,1,199,18.0176,12.0725
0.0025477,0.00293187,0.0183384,0.994924,197,18.0176,11.7194
0.00453496,0.00393907,0.0163907,1,192,18.0176,12.0886
0.00344159,0.00327886,0.0212973,1,195,18.0176,10.938
0.00130589,0.00109234,0.00650189,1,198,18.0176,11.2242
0.00410363,0.00333137,0.0258521,1,199,18.0176,12.0179
0.00337865,0.00327559,0.0233955,1,196,18.0176,11.3576
0.00151262,0.00164566,0.0123418,1,195,18.0176,11.0742
0.003367,0.00328763,0.0256337,1,195,18.0176,11.8955
0.00405811,0.0032797,0.024149,1,197,18.0176,12.097
0.00250898,0.00270501,0.0218151,1,187,18.0176,11.2992
0.00483706,0.00414644,0.0241042,1,199,18.0176,11.9052
0.00151433,0.00167487,0.0134228,1,197,18.0176,10.9194
0.00336487,0.00344493,0.023984,1,204,18.0176,11.4793
0.00482741,0.00341202,0.0228906,1,197,18.0176,12.1528
0.00170854,0.00192344,0.0153978,1,195,18.0176,12.1666
0.00333343,0.00345207,0.020879,1,201,18.0176,12.3232
0.00299191,0.0030185,0.0200903,1,191,18.0176,11.8666
0.00180142,0.00171163,0.0159919,0.994764,191,18.0176,11.4296
0.00337485,0.00317326,0.0196569,1,192,18.0176,11.5376
0.00113029,0.0011418,0.00691192,1,200,18.0176,11.852
0.00478769,0.00429625,0.0222044,1,192,18.0176,11.4082
0.00341226,0.00333079,0.0213054,1,194,18.0176,11.6567
0.000959681,0.00100387,0.00759869,1,202,18.0176,10.8004
0.00336905,0.00334074,0.0200123,0.989744,195,18.0176,11.4157
0.00110171,0.00107095,0.00658652,1,198,18.0176,11.5901
0.00479869,0.00425274,0.024581,1,195,18.0176,12.5959
0.00148215,0.00141638,0.012574,1,193,18.0176,10.5084
0.00472718,0.004347,0.0228409,1,195,18.0176,10.9232
0.00156187,0.00154034,0.0131532,1,194,18.0176,10.4811
0.00341132,0.00328709,0.0199719,1,196,18.0176,11.3843
0.00338739,0.00323511,0.0191573,1,194,18.0176,12.2461
0.00329454,0.00335005,0.0244785,1,195,18.0176,11.3231
0.00524993,0.00432256,0.0222508,1,194,18.0176,12.3088
0.00146161,0.00172003,0.0133784,1,194,18.0176,11.696
0.00399017,0.00332364,0.0252007,1,196,18.0176,11.2058
0.00411463,0.0031897,0.023526,0.994819,193,18.0176,10.8581
0.00169443,0.00151049,0.0099762,1,195,18.0176,11.3828
0.00564101,0.00441846,0.0187089,0.964103,195,18.0176,11.1912
0.00114238,0.00095693,0.00578679,0.979798,198,18.0176,11.1039
0.0041839,0.00340671,0.0247241,0.995,200,18.0176,11.7717
0.000957514,0.000973597,0.00595697,1,197,18.0176,11.8906
0.00403389,0.00340644,0.0251625,1,200,18.0176,11.5697
0.00549923,0.00408208,0.02031,1,188,18.0176,11.2006
0.00462765,0.00356813,0.0227675,1,195,18.0176,11.5904
0.00407211,0.00315571,0.0237918,1,190,18.0176,12.2096
0.00399755,0.00340803,0.0232239,1,198,18.0176,12.7351
0.000961449,0.000984255,0.00605735,1,202,18.0176,11.9308
0.00560642,0.00450618,0.0179632,1,199,24.6094,10.8606
0.00165106,0.00164391,0.0160117,0.994924,197,24.6094,12.0179
0.00399978,0.00323398,0.0243289,1,194,24.6094,12.3151
0.00230602,0.00212713,0.0210469,1,202,24.6094,12.421
0.00334053,0.00324938,0.02477,1,194,24.6094,9.99077
0.00176225,0.00205326,0.0180402,1,199,24.6094,12.0253
0.00582594,0.00434229,0.0231001,1,193,24.6094,11.5922
0.00136723,0.00107596,0.00662624,1,191,24.6094,10.6333
0.00131637,0.00117946,0.00773081,1,193,24.6094,11.8737
0.00331389,0.0031564,0.023324,1,192,24.6094,10.9912
0.00125486,0.00105351,0.00645489,1,195,24.6094,11.3161
0.00413049,0.0033434,0.0153551,1,199,24.6094,11.7694
0.00564288,0.00459805,0.0259357,1,198,24.6094,12.4975
0.00109037,0.00104867,0.00701869,1,190,24.6094,10.1906
0.00556003,0.00436801,0.0141686,1,193,24.6094,11.2885
0.00404369,0.00327706,0.0235594,1,196,24.6094,11.6018
0.00164986,0.00190058,0.0122146,0.994819,193,24.6094,11.3083
0.00405401,0.00335814,0.0194754,1,197,24.6094,12.4365
0.00409182,0.00342573,0.02069,1,199,24.6094,12.3643
0.00357319,0.00297363,0.0183663,1,196,24.6094,11.8537
0.0034035,0.00312587,0.0208192,1,188,24.6094,12.6727
0.00151068,0.0013376,0.00788667,1,201,24.6094,11.2964
0.00409976,0.00322115,0.0196195,1,193,24.6094,11.0599
0.00178587,0.00147208,0.00872856,1,193,24.6094,11.1335
0.00121861,0.00119166,0.00830622,1,201,24.6094,12.0145
0.00412751,0.0031269,0.0200255,0.994709,189,24.6094,11.9551
0.00132696,0.00102278,0.00650379,1,187,24.6094,10.8749
0.00405261,0.00329065,0.02049,1,195,24.6094,11.8231
0.00344984,0.00330579,0.0203255,1,195,24.6094,11.4368
0.00388408,0.00323112,0.0197738,1,194,24.6094,12.1573
0.00409404,0.00340079,0.0171366,0.975,200,24.6094,11.893
0.00371979,0.00330522,0.020572,1,197,24.6094,12.3765
0.00405035,0.00336447,0.0206049,1,199,24.6094,11.4527
0.00238909,0.00290677,0.0179671,0.984694,196,24.6094,11.0528
0.00146886,0.00148482,0.00915942,1,197,24.6094,10.882
0.00404515,0.00323687,0.0208514,1,192,24.6094,11.3827
0.00401952,0.00332597,0.0200822,1,195,24.6094,12.3842
0.00334903,0.00317433,0.0201132,1,191,24.6094,11.8087
0.00229448,0.00216141,0.0133812,0.994845,194,24.6094,12.3197
0.00402745,0.00338589,0.020197,1,199,24.6094,11.7277
0.0040081,0.00334147,0.0198405,1,198,24.6094,12.2067
0.00405695,0.00327967,0.0196261,1,195,24.6094,12.1895
0.00403743,0.00330758,0.0201141,1,196,24.6094,12.1433
0.0133512,0.00355665,0.0123558,1,258,24.6094,13.4119
0.000638412,0.00094189,0.00555441,1,194,24.6094,11.2107
0.00183295,0.00331084,0.0202481,0.994845,194,24.6094,11.7035
0.000730207,0.00135982,0.00915786,1,196,24.6094,13.0925
0.00184308,0.00351964,0.0222667,1,196,24.6094,12.5677
0.00180316,0.00310008,0.0206878,1,188,24.6094,11.5072
0.00287592,0.00463606,0.0221915,1,201,24.6094,11.7608
0.00172302,0.00345057,0.0155818,1,198,24.6094,11.8513
0.0014065,0.00330174,0.0206838,1,199,30.6641,11.471
0.00157093,0.00313864,0.0197732,1,191,30.6641,11.6048
0.00067196,0.0012679,0.00781249,1,198,30.6641,12.5251
0.00182197,0.00324343,0.0208191,1,194,30.6641,12.1636
0.00175796,0.0032307,0.0203915,1,194,30.6641,12.6686
0.00182479,0.00323745,0.0200312,1,193,30.6641,12.5739
0.00179036,0.00323168,0.020516,1,194,30.6641,12.299
0.00165174,0.00343641,0.020905,1,202,30.6641,12.5969
0.00176618,0.00327478,0.0210824,1,190,30.6641,11.1387
0.000776238,0.0014131,0.0111271,1,189,30.6641,11.5917
0.00149885,0.00146155,0.0103977,1,189,30.6641,11.6417
0.000594987,0.00115863,0.00705174,1,200,30.6641,12.3045
0.00173801,0.00333246,0.0280667,1,199,30.6641,11.5577
0.000653383,0.00111013,0.00675715,1,192,30.6641,11.5463
0.00174218,0.00347004,0.0225066,1,194,30.6641,12.3751
0.000632825,0.000971318,0.00610401,1,193,30.6641,11.6302
0.00181017,0.00326181,0.0281047,1,191,30.6641,12.8827
0.00638279,0.00275101,0.0178559,1,260,30.6641,13.8893
0.00120401,0.00121482,0.008926,1,199,30.6641,12.0134
0.00172866,0.00331073,0.0274626,1,195,30.6641,12.3489
0.0018002,0.00316899,0.0201604,0.994792,192,30.6641,10.9118
0.000922533,0.00164733,0.0118886,1,197,30.6641,11.6364
0.00170749,0.00333245,0.0279244,1,197,30.6641,12.3316
0.000777424,0.00142457,0.00912403,0.984127,189,30.6641,11.3101
0.00176307,0.00323275,0.0197041,1,192,30.6641,11.7375
0.00181556,0.00331874,0.0202825,1,195,30.6641,11.6181
0.000696691,0.00128892,0.00813749,1,193,30.6641,11.5617
0.00254275,0.00345479,0.0211242,1,203,30.6641,11.1858
0.00176925,0.00321672,0.0197822,1,191,30.6641,11.7314
0.00172859,0.00314307,0.0256119,1,192,30.6641,11.8983
0.00206364,0.00353982,0.023255,1,204,30.6641,10.8685
0.000612026,0.000964025,0.00588033,1,194,30.6641,11.3632
0.00171668,0.00319562,0.0274107,1,191,30.6641,12.0603
0.00182108,0.00319134,0.019392,1,192,30.6641,12.3007
0.00124239,0.00302503,0.0198402,0.994819,193,30.6641,11.4794
0.00171627,0.00321728,0.0188502,1,192,30.6641,12.0186
0.00179382,0.00332412,0.0218766,1,195,30.6641,11.3564
0.000810359,0.00145666,0.00926722,1,193,30.6641,12.3316
0.00106911,0.00198223,0.0143857,1,192,30.6641,11.6103
0.00290839,0.00416332,0.0206214,1,192,30.6641,10.9899
0.00303942,0.00444597,0.0231512,1,196,30.6641,12.2099
0.000973529,0.00144319,0.00754163,1,197,30.6641,11.9478
0.00181142,0.00341404,0.0269272,1,202,30.6641,11.9723
0.0008909,0.00160218,0.0123309,1,193,30.6641,11.2484
0.00177044,0.00318745,0.0256225,1,192,30.6641,11.3332
0.00112686,0.00265969,0.0221122,1,198,30.6641,13.1068
0.0017586,0.00322257,0.0257109,1,192,30.6641,11.868
0.000694435,0.00125223,0.00860181,1,195,30.6641,11.2755
0.0020351,0.00329192,0.0217321,1,196,30.6641,11.7512
0.000777668,0.0014943,0.0116431,1,203,30.6641,11.9739
0.00257153,0.0035136,0.0164248,1,190,28.1738,11.8321
0.000510317,0.000933787,0.00556878,1,197,28.1738,11.8964
0.00298254,0.00438253,0.0123513,1,197,28.1738,11.0964
0.00113269,0.00237122,0.0273202,1,199,28.1738,11.7868
0.00096947,0.00194998,0.0169666,1,197,28.1738,12.1276
0.0017971,0.00418358,0.0202212,1,192,28.1738,11.252
0.000648817,0.0011232,0.00687406,1,197,28.1738,12.3403
0.00265502,0.00328536,0.0213638,1,189,28.1738,11.3011
0.00122282,0.00298033,0.0201013,1,199,28.1738,11.3903
0.00181443,0.00319426,0.0195992,1,193,28.1738,12.2257
0.0012637,0.00251434,0.0172346,1,191,28.1738,11.7064
0.00171673,0.00322642,0.0199729,0.989691,194,28.1738,11.4562
0.00181138,0.00326996,0.0227711,1,195,28.1738,12.4333
0.00177115,0.00325105,0.0204261,1,195,28.1738,11.9731
0.0154453,0.00579331,0.0187245,1,262,28.1738,14.0515
0.00144688,0.00142562,0.0102678,1,195,28.1738,11.8554
0.00192628,0.00330779,0.0210636,1,194,28.1738,12.1546
0.00176688,0.00323122,0.0224241,1,193,28.1738,12.8192
0.00239761,0.0033966,0.019803,1,201,28.1738,11.5798
0.00176854,0.00329414,0.0155171,1,195,28.1738,11.7978
0.00178075,0.00336063,0.0273803,1,199,28.1738,11.4484
0.000696486,0.00139546,0.00854792,1,199,28.1738,11.8738
0.00179499,0.00331401,0.0204491,1,196,28.1738,12.121
0.00163465,0.00317247,0.0210697,1,201,28.1738,12.5314
0.0017556,0.00315119,0.0171549,1,190,28.1738,12.5645
0.00181013,0.00334572,0.0272558,1,198,28.1738,11.1892
0.00077224,0.00141177,0.00978858,1,196,28.1738,12.2392
0.00217204,0.00330626,0.0203319,1,196,28.1738,11.6156
0.00121574,0.00233836,0.0180133,1,198,28.1738,11.7066
0.00119536,0.00170017,0.0179021,1,195,28.1738,12.3119
0.00183918,0.00331489,0.0241176,1,198,28.1738,11.7257
0.00183977,0.0032787,0.0255279,1,194,28.1738,11.5887
0.000666374,0.00106657,0.00635678,1,197,28.1738,12.1282
0.00278323,0.00443425,0.0233104,1,196,28.1738,12.3557
0.00266568,0.00448666,0.0257957,1,195,28.1738,11.2213
0.000520411,0.000937457,0.00562927,1,195,28.1738,12.2356
0.00276217,0.00445858,0.0179594,0.984694,196,28.1738,10.9926
0.00117608,0.00116544,0.0102866,1,193,28.1738,11.9365
0.00180331,0.00318842,0.0196557,1,193,28.1738,12.2398
0.00179501,0.0031424,0.0194907,1,191,28.1738,10.8183
0.00263878,0.0043785,0.0277508,1,190,28.1738,9.95217
0.000778219,0.00149259,0.0104851,1,200,28.1738,11.7495
0.00263615,0.0030173,0.0105382,1,203,28.1738,11.9367
0.0018249,0.00323488,0.0253117,1,193,28.1738,11.4038
0.000707957,0.00122956,0.0072288,1,196,28.1738,12.4736
0.00179311,0.00330766,0.0168549,1,191,28.1738,12.4025
0.00139355,0.00297179,0.0204448,1,199,28.1738,12.1253
0.000851784,0.0016869,0.0123609,1,198,28.1738,11.4703
0.00191947,0.00398673,0.0247977,1,196,28.1738,11.8476
0.000592097,0.00107686,0.0067625,1,190,28.1738,11.1362
0.00297555,0.00423472,0.0178815,1,193,33.9355,11.2737
0.000878729,0.00142783,0.0130091,1,183,33.9355,11.5936
0.00179216,0.00333028,0.0290406,0.994898,196,33.9355,11.8619
0.000655942,0.00138679,0.00918057,0.984772,197,33.9355,11.4128
0.00177053,0.00327073,0.0285997,1,195,33.9355,11.5939
0.00293867,0.00448114,0.0198041,1,197,33.9355,11.1282
0.00093776,0.00173218,0.0161681,1,204,33.9355,11.0081
0.00180679,0.00325549,0.0275634,1,197,33.9355,12.5685
0.00120494,0.00240667,0.0256149,1,204,33.9355,12.6033
0.00282657,0.00444974,0.0186133,0.994924,197,33.9355,11.3735
0.000914377,0.00160085,0.0143653,1,192,33.9355,11.6217
0.0017961,0.00313876,0.0275077,1,190,33.9355,12.3556
0.00179802,0.003142,0.026512,1,191,33.9355,11.3635
0.00172313,0.00325635,0.026577,1,195,33.9355,11.8984
0.00174459,0.0032169,0.0279301,1,193,33.9355,11.2496
0.000810397,0.00145212,0.0159549,1,191,33.9355,12.6789
0.0018077,0.00334351,0.0272698,1,199,33.9355,11.3073
0.00291241,0.00416979,0.0186625,1,189,33.9355,12.0122
0.00101873,0.00196147,0.0149399,1,190,33.9355,12.2518
0.00183074,0.0030504,0.025193,1,187,33.9355,12.048
0.00207237,0.00269857,0.00689455,1,199,33.9355,10.9692
0.00171689,0.00333318,0.020194,1,196,33.9355,12.2316
0.00171272,0.00318381,0.0169478,1,192,33.9355,11.5447
0.00184832,0.003719,0.0240978,1,201,33.9355,11.394
0.000961814,0.00169739,0.0107056,1,192,33.9355,12.2685
0.00184674,0.00316337,0.0222066,0.994737,190,33.9355,11.5778
0.00121204,0.00265983,0.017431,1,190,33.9355,12.1644
0.0018452,0.00342399,0.0216202,1,200,33.9355,11.7019
0.000760826,0.00158021,0.0108768,1,192,33.9355,12.1828
0.00176682,0.00317594,0.0127911,1,190,33.9355,12.431
0.00169474,0.00328507,0.0197131,1,194,33.9355,11.744
0.000719285,0.00126595,0.00801148,1,191,33.9355,11.2983
0.00181747,0.00341938,0.0202853,1,194,33.9355,12.8033
0.00293063,0.00449609,0.024859,1,193,33.9355,11.8249
0.000576404,0.00107691,0.00844142,1,195,33.9355,12.9166
0.00179377,0.00323921,0.026349,0.978947,190,33.9355,10.5028
0.000821954,0.00141506,0.00923422,1,191,33.9355,12.2571
0.00185003,0.00310214,0.0150408,1,188,33.9355,11.9266
0.00107351,0.00203029,0.021298,0.994764,191,33.9355,11.7448
0.0124197,0.00409462,0.0135056,1,260,33.9355,13.9001
0.00191089,0.00206553,0.0210556,1,203,33.9355,11.5406
0.00181958,0.00323399,0.0270636,1,193,33.9355,12.5748
0.00186845,0.00325041,0.0216491,1,193,33.9355,11.4808
0.000671545,0.00104754,0.00655399,1,194,33.9355,11.9066
0.00178367,0.00327374,0.0273152,1,193,33.9355,12.6108
0.00187099,0.0034259,0.0151561,1,202,33.9355,12.1025
0.0108003,0.00434114,0.0161351,1,257,33.9355,14.0542
0.0011048,0.000933159,0.00571553,1,198,33.9355,12.2468
0.0029662,0.00460227,0.0254856,1,197,33.9355,12.4014
0.00077738,0.0014532,0.009111,1,190,33.9355,12.5084
0.00304131,0.00448747,0.0243419,1,194,31.2012,12.3038
0.00113998,0.00175703,0.0103868,1,192,31.2012,10.1866
0.00175,0.0032184,0.027126,1,194,31.2012,11.3849
0.00756256,0.00354068,0.0169312,1,261,31.2012,13.9705
0.00389156,0.00332816,0.0134875,1,195,31.2012,10.9912
0.00154445,0.00214486,0.0236093,1,192,31.2012,11.4965
0.00176599,0.00319606,0.0236711,1,192,31.2012,11.1904
0.00289834,0.00479722,0.0240319,0.99505,202,31.2012,11.1991
0.00296149,0.00451862,0.0249918,1,196,31.2012,11.7481
0.000915652,0.00163908,0.0110354,1,192,31.2012,12.0576
0.00291222,0.00457513,0.0260303,1,198,31.2012,11.4461
0.000571305,0.00102804,0.00628236,1,193,31.2012,11.4825
0.00185824,0.00324607,0.0163948,1,194,31.2012,11.2459
0.000639694,0.00123956,0.00864982,1,199,31.2012,12.2481
0.00177983,0.00315571,0.0276081,1,192,31.2012,12.0369
0.00293025,0.00429331,0.0112832,1,190,31.2012,11.9359
0.00176096,0.00326517,0.0251805,1,191,31.2012,12.8293
0.00176984,0.00322646,0.0132224,1,194,31.2012,12.8051
0.00182904,0.00311494,0.0149203,1,189,31.2012,11.5257
0.0018145,0.00332315,0.020066,1,195,31.2012,11.8255
0.00178062,0.00334001,0.0205853,1,195,31.2012,12.631
0.000702922,0.00127234,0.0077989,1,192,31.2012,12.008
0.00177984,0.0031964,0.0188463,1,192,31.2012,11.0068
0.00180847,0.00329075,0.0145357,1,198,31.2012,12.1043
0.000856961,0.00190898,0.0137737,1,197,31.2012,11.5445
0.00128455,0.00294977,0.0202789,1,196,31.2012,11.2478
0.00181203,0.00334035,0.0224479,1,199,31.2012,10.9637
0.00116878,0.00271861,0.0187249,1,199,31.2012,11.4054
0.00115784,0.00241193,0.0181832,1,196,31.2012,11.7276
0.00169716,0.00318744,0.0283272,1,191,31.2012,11.5831
0.0018153,0.00333042,0.0280866,1,198,31.2012,11.9679
0.00175344,0.00326883,0.0270849,1,193,31.2012,11.5216
0.00303211,0.00449632,0.0247646,1,195,31.2012,12.1547
0.000696328,0.00119743,0.00855027,1,193,31.2012,11.4824
0.00179834,0.00334745,0.0198766,1,195,31.2012,11.5192
0.00085923,0.00184639,0.0116407,1,194,31.2012,11.5606
0.00170848,0.0031388,0.0195567,1,187,31.2012,11.6791
0.00179721,0.00315599,0.0217972,0.994737,190,31.2012,11.0451
0.000631858,0.00123758,0.0084371,1,197,31.2012,12.6679
0.00269388,0.00449574,0.0143853,1,196,31.2012,11.3694
0.00179267,0.00317481,0.0246079,1,193,31.2012,11.2717
0.00179842,0.00313191,0.0250404,1,187,31.2012,11.1282
0.000520456,0.000976852,0.00582755,1,198,31.2012,12.0115
0.00271887,0.00416569,0.0265915,0.946524,187,31.2012,11.6217
0.00173046,0.00433514,0.0196084,0.994872,195,31.2012,12.4019
0.000760626,0.00134496,0.0079461,1,195,31.2012,11.283
0.00171231,0.00332608,0.0203421,1,196,31.2012,11.6757
0.000581323,0.00114795,0.00682148,1,200,31.2012,11.2598
0.00299141,0.0042799,0.0122141,0.994949,198,31.2012,12.3033
0.00176,0.00335685,0.0135102,1,195,36.7188,12.1706
0.000965207,0.00200271,0.0144451,1,194,36.7188,11.7103
0.0017514,0.00331206,0.0201224,1,197,36.7188,11.6071
0.00175231,0.0032234,0.0198487,0.994845,194,36.7188,11.5449
0.000713184,0.00132643,0.00825309,1,198,36.7188,11.7264
0.00174325,0.00345667,0.0210893,1,203,36.7188,11.848
0.00149649,0.00306405,0.0193686,1,189,36.7188,11.7602
0.00177202,0.00347409,0.0210862,1,197,36.7188,11.9682
0.00154729,0.00329269,0.0212166,1,196,36.7188,11.9379
0.000689461,0.00114429,0.00701447,1,195,36.7188,11.1724
0.00175665,0.00328994,0.0203758,1,195,36.7188,12.0175
0.00175872,0.00338598,0.022165,0.994975,199,36.7188,11.846
0.000969295,0.00174242,0.0139389,1,197,36.7188,11.4571
0.00171687,0.00337182,0.0221547,1,196,36.7188,10.7614
0.000780101,0.00143419,0.00886843,1,194,36.7188,11.7126
0.000879717,0.000989168,0.00619648,1,192,36.7188,12.7933
0.00180735,0.00418626,0.0224529,1,199,36.7188,12.7515
0.000926808,0.00184386,0.0109642,1,199,36.7188,11.0075
0.00191161,0.00331376,0.0202038,1,196,36.7188,11.8856
0.0017415,0.00349079,0.0217093,1,204,36.7188,12.2057
0.00154456,0.00325158,0.0215743,1,198,36.7188,11.9493
0.00175388,0.00328125,0.0201307,1,197,36.7188,11.7687
0.00174595,0.0031532,0.0197408,1,194,36.7188,12.5341
0.00174018,0.00331256,0.0209469,1,199,36.7188,11.429
0.0010125,0.00184143,0.0146145,1,189,36.7188,11.7413
0.00172304,0.00319231,0.0193081,1,190,36.7188,12.7878
0.00174336,0.00317068,0.0195118,1,192,36.7188,11.1423
0.00611727,0.00220879,0.0126278,1,257,36.7188,13.2005
0.00495509,0.00363559,0.0197729,1,192,36.7188,12.8921
0.000586949,0.00114066,0.00717978,1,200,36.7188,12.282
0.000665497,0.00117213,0.00670333,1,196,36.7188,11.905
0.00171635,0.00326204,0.0227069,1,193,36.7188,12.0718
0.00121942,0.0022785,0.0182476,1,200,36.7188,11.6789
0.00174424,0.00340014,0.0204487,1,200,36.7188,11.379
0.0017402,0.00333213,0.0229458,0.994924,197,36.7188,11.5405
0.000621842,0.00107802,0.00682392,1,193,36.7188,11.5798
0.00176978,0.00346358,0.0206254,1,197,36.7188,13.2184
0.00152998,0.00326292,0.0204825,0.994949,198,36.7188,11.6308
0.00168972,0.00331693,0.0211338,1,198,36.7188,11.7377
0.00154611,0.00287964,0.0203227,1,194,36.7188,11.4858
0.00168791,0.00332987,0.0213899,1,198,36.7188,12.1506
0.00154139,0.00301391,0.0203629,1,196,36.7188,11.4796
0.00169498,0.00330757,0.0221175,1,196,36.7188,11.4781
0.000956832,0.00180384,0.0136021,1,196,36.7188,12.4048
0.00069045,0.00129712,0.00784285,1,190,36.7188,10.9869
0.001793,0.0031672,0.00673261,1,198,36.7188,12.2133
0.000815596,0.00147328,0.009701,1,197,36.7188,12.0234
0.00176563,0.00330234,0.0276443,1,195,36.7188,11.0258
0.00307935,0.00434306,0.0231254,1,194,36.7188,11.6931
0.000771429,0.00163869,0.0119958,1,197,36.7188,11.7954
0.00128658,0.00282096,0.0286708,1,192,36.7188,11.3546
0.00109558,0.00204076,0.0209138,1,195,49.8047,11.7926
0.000654225,0.00142562,0.00894567,1,194,49.8047,10.8776
0.00171309,0.00334468,0.0206744,1,198,49.8047,12.5757
0.000939985,0.00189276,0.0140224,1,202,49.8047,11.8196
0.00176739,0.00317972,0.0201967,1,192,49.8047,12.3873
0.00172562,0.00331803,0.0210212,1,197,49.8047,11.5934
0.000968493,0.00173795,0.0132457,1,195,49.8047,10.9116
0.00103381,0.00206049,0.0125633,1,198,49.8047,11.4239
0.00173083,0.0032408,0.0200434,1,194,49.8047,12.1672
0.00155654,0.00310609,0.0211651,1,194,49.8047,12.1194
0.00155184,0.00328005,0.0204903,1,198,49.8047,11.6176
0.00117547,0.00249591,0.0181279,1,196,49.8047,13.0462
0.00140756,0.00292786,0.0179375,1,196,49.8047,12.0563
0.00171968,0.00318149,0.0196038,1,191,49.8047,11.9944
0.00175703,0.0031881,0.0217749,1,192,49.8047,12.7071
0.00116258,0.00222301,0.0137013,1,198,49.8047,11.5325
0.00170594,0.00266247,0.00588877,1,196,49.8047,11.5768
0.00134527,0.00283038,0.0206442,0.984615,195,49.8047,11.5015
0.00178307,0.00343091,0.0205005,1,200,49.8047,11.634
0.00171831,0.0032254,0.0202029,0.994819,193,49.8047,11.6786
0.00129497,0.00231122,0.0145259,1,193,49.8047,11.9317
0.00137018,0.00260323,0.0166604,1,196,49.8047,12.3411
0.00178545,0.00329082,0.0205986,1,197,49.8047,11.5196
0.00177557,0.00328209,0.0205666,1,198,49.8047,11.3374
0.00171128,0.00350937,0.0204902,1,201,49.8047,13.1634
0.00172451,0.00345202,0.0207027,0.99005,201,49.8047,11.456
0.00171642,0.00327577,0.0132866,1,195,49.8047,12.7235
0.00171138,0.0032211,0.0208885,1,192,49.8047,11.8004
0.0017396,0.0031782,0.019817,1,190,49.8047,12.4492
0.00172092,0.00338006,0.0218741,1,198,49.8047,11.9219
0.00170265,0.00327144,0.0200172,1,196,49.8047,12.213
0.00164012,0.00330275,0.0203094,1,195,49.8047,13.1296
0.00169983,0.00343367,0.0203329,1,200,49.8047,12.1835
0.00174241,0.00329634,0.0204746,1,197,49.8047,10.9335
0.00156906,0.00313734,0.0204284,1,197,49.8047,11.7753
0.00174133,0.00320452,0.0195986,1,191,49.8047,10.8418
0.00173558,0.00322931,0.0219567,1,195,49.8047,10.9013
0.000902206,0.00185397,0.0137398,1,203,49.8047,12.1769
0.00170301,0.00318551,0.020741,1,191,49.8047,11.626
0.00129747,0.00244545,0.0204944,1,198,49.8047,13.292
0.00169566,0.00336946,0.0213335,1,199,49.8047,12.0789
0.00174361,0.0033233,0.0201849,1,197,49.8047,12.0109
0.00172919,0.00313303,0.0194024,1,189,49.8047,11.1778
0.0014143,0.00331484,0.0204194,0.994924,197,49.8047,11.2211
0.000907598,0.00143444,0.0112663,1,200,49.8047,11.5294
0.00171389,0.00328338,0.0200205,0.969231,195,49.8047,11.2096
0.000856253,0.0016116,0.0099361,1,201,49.8047,11.0607
0.0152989,0.00505769,0.0175815,1,258,49.8047,13.0841
0.00118003,0.000929753,0.00558782,1,193,49.8047,11.3143
0.00169795,0.00325704,0.0212856,1,193,49.8047,11.6913
0.00252935,0.00367431,0.020512,1,195,61.8652,11.896
0.00153637,0.00321237,0.0202667,1,197,61.8652,12.367
0.00179912,0.00344092,0.0198784,0.974874,199,61.8652,11.9153
0.00113926,0.00245103,0.0192285,1,202,61.8652,12.1491
0.0152513,0.00517727,0.0172336,1,262,61.8652,13.3955
0.00140506,0.00133374,0.00992296,0.994764,191,61.8652,11.3815
0.00172196,0.00321006,0.0198558,1,192,61.8652,11.8486
0.00244431,0.00310743,0.0198016,1,188,61.8652,12.0713
0.000828312,0.00150107,0.009309,1,193,61.8652,12.2977
0.00169994,0.00329051,0.0199853,1,195,61.8652,12.2604
0.00172789,0.00340158,0.0207209,1,200,61.8652,12.0101
0.00175035,0.0032407,0.0196329,1,194,61.8652,12.0359
0.00169864,0.00303725,0.0190451,1,185,61.8652,11.8665
0.00173484,0.00333039,0.0200326,1,196,61.8652,12.2528
0.00174214,0.00325649,0.0197793,1,192,61.8652,12.331
0.00179183,0.00329568,0.0203307,1,197,61.8652,11.4261
0.000741618,0.00133252,0.00919672,1,196,61.8652,11.8756
0.0152793,0.00501317,0.0165615,1,258,61.8652,13.8125
0.00164259,0.0014117,0.00872755,1,194,61.8652,11.8
0.00169992,0.00324044,0.0198114,1,192,61.8652,12.1249
0.00178868,0.00339537,0.0203096,1,199,61.8652,12.3562
0.00174511,0.00305152,0.0194061,1,189,61.8652,11.3217
0.000958356,0.00186497,0.0144317,1,194,61.8652,12.1379
0.00179131,0.00320827,0.0198231,1,192,61.8652,11.7487
0.00176381,0.0032762,0.0202447,1,197,61.8652,11.7639
0.000753259,0.0014704,0.00893365,1,196,61.8652,11.7103
0.00182068,0.00330284,0.0200973,1,193,61.8652,11.3596
0.00169575,0.00328064,0.0203036,1,195,61.8652,12.368
0.00176178,0.00315829,0.0195242,1,190,61.8652,12.1954
0.00162243,0.00310742,0.0193007,1,188,61.8652,12.3363
0.00169943,0.00331216,0.0201939,1,196,61.8652,11.5787
0.00174592,0.00320223,0.0204208,1,193,61.8652,11.1144
0.00174922,0.00329313,0.0198843,1,194,61.8652,12.9076
0.00177341,0.00330436,0.0204614,1,197,61.8652,11.6146
0.000964275,0.0018358,0.0114454,1,194,61.8652,11.0556
0.00183036,0.00330033,0.0205341,1,195,61.8652,12.7687
0.00124418,0.00275067,0.0201138,1,196,61.8652,12.5584
0.000720977,0.00147139,0.0112115,1,192,61.8652,11.3635
0.00175541,0.00322425,0.0198576,1,194,61.8652,11.9199
0.00177685,0.00332416,0.0199934,1,197,61.8652,11.5941
0.000661651,0.00126839,0.00778784,1,194,61.8652,11.6518
0.0018254,0.00316345,0.0199561,1,192,61.8652,12.5789
0.00174832,0.00316699,0.0198079,1,190,61.8652,11.6895
0.00170376,0.00328105,0.0201526,1,196,61.8652,11.7775
0.00172355,0.00314893,0.0201255,1,191,61.8652,12.524
0.00172412,0.00330184,0.020199,1,196,61.8652,11.4098
0.0017515,0.00321682,0.0199009,1,194,61.8652,11.0028
0.00178428,0.0028554,0.00570904,0.989691,194,61.8652,12.1464
0.00101943,0.00187111,0.0143936,1,196,61.8652,12.0642
0.00180508,0.00328555,0.0205904,1,195,64.9414,12.4008
0.000796598,0.00157284,0.0109798,0.994924,197,64.9414,12.2144
0.00171743,0.0032061,0.0212836,1,191,64.9414,12.2692
0.00177817,0.00336364,0.0217053,1,199,64.9414,12.3725
0.000816911,0.00177298,0.0110976,1,199,64.9414,12.4506
0.00114335,0.00213753,0.0125555,1,193,64.9414,11.594
0.00207609,0.0031901,0.0137958,1,190,64.9414,10.8089
0.00105904,0.00221433,0.0138583,1,197,64.9414,11.6489
0.00172209,0.00345959,0.0208882,0.995025,201,64.9414,10.9843
0.00175216,0.00434851,0.021934,1,204,64.9414,11.9906
0.000722535,0.00120087,0.00718015,1,193,64.9414,12.4143
0.00258036,0.00343821,0.0196081,1,188,64.9414,11.8212
0.00160814,0.00318345,0.0199415,1,191,64.9414,11.3134
0.00209058,0.00334987,0.0210255,1,196,64.9414,12.3175
0.000786584,0.00182614,0.011494,0.979899,199,64.9414,11.3007
0.0020259,0.00333173,0.0208219,1,197,64.9414,11.615
0.00184453,0.00335047,0.0203519,0.994872,195,64.9414,11.9205
0.000865576,0.00155883,0.0116093,1,196,64.9414,11.9575
0.0017373,0.00310725,0.0201363,0.994681,188,64.9414,10.7677
0.00170027,0.00321074,0.0198283,1,194,64.9414,12.3249
0.00180447,0.00331791,0.0220177,1,199,64.9414,12.3945
0.00171483,0.00337406,0.0215829,1,198,64.9414,11.4032
0.000693825,0.00126613,0.00845565,1,199,64.9414,12.0654
0.0154041,0.00517558,0.0167909,0.996198,263,64.9414,13.3816
0.00129276,0.00105529,0.00669386,1,196,64.9414,10.64
0.00184402,0.0032114,0.0209106,1,192,64.9414,10.4514
0.0018154,0.00329547,0.0206521,1,197,64.9414,11.7461
0.00180642,0.00318278,0.0208209,1,193,64.9414,11.8622
0.00160969,0.00305787,0.0208325,1,200,64.9414,12.7605
0.001771,0.00330942,0.0203688,1,196,64.9414,12.7258
0.00143082,0.00274495,0.0194295,0.984043,188,64.9414,10.5546
0.00192447,0.00408677,0.0215202,1,200,64.9414,12.3426
0.000688431,0.000973326,0.00504875,1,188,64.9414,12.3361
0.00224177,0.0032581,0.0129343,0.994872,195,64.9414,10.973
0.00171367,0.00323158,0.0201184,0.994792,192,64.9414,10.9609
0.00152059,0.00335161,0.0205525,1,201,64.9414,12.2516
0.00171886,0.00335224,0.013114,1,198,64.9414,11.6468
0.00175689,0.00323774,0.0203732,1,195,64.9414,12.0401
0.00282229,0.00429514,0.0169439,1,192,64.9414,11.9508
0.000785189,0.00132008,0.00968241,1,196,64.9414,11.6652
0.00175108,0.00322959,0.0275277,1,192,64.9414,11.8703
0.000786862,0.00139923,0.0107202,1,196,64.9414,12.601
0.00177789,0.00317255,0.0275032,1,194,64.9414,11.3154
0.000887065,0.00165848,0.0154344,1,197,64.9414,11.1401
0.00175439,0.00338182,0.0291676,1,199,64.9414,13.7006
0.00177147,0.00316212,0.0208793,1,190,64.9414,11.6094
0.000727744,0.00123551,0.00760804,1,198,64.9414,12.3906
0.00239524,0.00349818,0.0127667,1,198,64.9414,11.8511
0.00283323,0.00333337,0.0145554,1,194,64.9414,11.8983
0.00133303,0.0024527,0.0278411,0.979899,199,64.9414,11.824
0.00179952,0.00333189,0.0260268,1,199,64.9414,11.9443
0.00175663,0.00407223,0.0284592,1,187,75.7812,11.4521
0.00114811,0.00255779,0.0249895,1,197,75.7812,12.4909
0.00159764,0.00323004,0.0293731,1,193,75.7812,11.2437
0.000922415,0.00168614,0.0156683,1,195,75.7812,11.706
0.00178212,0.00340093,0.0285558,1,201,75.7812,12.0609
0.000887484,0.00175469,0.0166158,1,203,75.7812,11.9247
0.00174379,0.00376553,0.0292217,1,200,75.7812,11.2986
0.000574506,0.00108576,0.00730943,1,197,75.7812,11.3299
0.00174273,0.00334688,0.0296206,1,199,75.7812,11.3234
0.00113705,0.00195727,0.0251458,1,194,75.7812,11.9599
0.00178991,0.00304648,0.0286372,1,188,75.7812,11.3795
0.000896992,0.00181971,0.0164852,1,203,75.7812,11.6702
0.00173989,0.0031614,0.0282744,0.978947,190,75.7812,10.6417
0.000946493,0.00159473,0.0153475,1,192,75.7812,12.4658
0.00175464,0.00374041,0.0289977,1,196,75.7812,11.5606
0.00091774,0.00224997,0.0210563,1,199,75.7812,11.7626
0.00266424,0.00429976,0.0180253,1,190,75.7812,12.0656
0.00089464,0.00165044,0.011957,1,194,75.7812,12.4298
0.00177494,0.00323398,0.0202903,1,194,75.7812,11.6399
0.00178421,0.0030883,0.0195713,1,188,75.7812,11.34
0.000945266,0.00182351,0.0130252,1,199,75.7812,11.9251
0.00174781,0.00329415,0.0200766,1,195,75.7812,12.7474
0.00127975,0.00275062,0.0207977,1,201,75.7812,11.6969
0.00181258,0.00343516,0.0208351,1,200,75.7812,12.635
0.000782566,0.00161891,0.00976321,1,189,75.7812,11.8509
0.00276367,0.00432697,0.0157507,1,191,75.7812,12.0048
0.00295551,0.00416568,0.0180837,1,188,75.7812,12.3108
0.000781955,0.00162917,0.0135621,1,198,75.7812,12.5473
0.00106067,0.00215734,0.0232349,1,203,75.7812,10.7961
0.00179891,0.00338977,0.012696,1,201,75.7812,12.2384
0.00180152,0.00334355,0.0200341,1,194,75.7812,12.1931
0.00175149,0.00311203,0.0193328,1,189,75.7812,11.6006
0.00185526,0.0035036,0.0176791,1,200,75.7812,11.5798
0.00182472,0.00341139,0.0267117,1,202,75.7812,10.4877
0.000592519,0.0011482,0.00726771,1,191,75.7812,12.3006
0.00175687,0.00311186,0.0146783,1,189,75.7812,12.6647
0.00175927,0.00337353,0.0210411,1,201,75.7812,12.424
0.00126521,0.00316305,0.0115754,1,193,75.7812,10.9107
0.00180795,0.00333084,0.0226991,1,197,75.7812,11.5815
0.000600262,0.00114851,0.00691369,1,199,75.7812,12.0514
0.00279526,0.00356151,0.0113084,1,193,75.7812,12.1488
0.00180848,0.003393,0.0204561,1,200,75.7812,11.765
0.00178643,0.0033572,0.0263042,1,189,75.7812,12.1531
0.000917873,0.00167787,0.0100592,1,198,75.7812,12.5962
0.00176447,0.00318672,0.0175611,1,190,75.7812,11.7644
0.00140679,0.00303356,0.0202834,1,196,75.7812,11.8179
0.00179324,0.0033461,0.0208447,1,199,75.7812,12.0636
0.000853861,0.00151623,0.00898326,1,199,75.7812,12.2184
0.00183478,0.00322634,0.0105046,1,189,75.7812,11.2776
0.00285284,0.00467935,0.0250121,1,202,75.7812,10.7795
0.000582842,0.00116242,0.00667436,1,206,101.758,11.8292
0.00223462,0.00369605,0.0124966,1,196,101.758,11.5844
0.00280978,0.00460932,0.0258165,1,198,101.758,11.852
0.000806836,0.00134913,0.00841822,1,191,101.758,11.979
0.00182091,0.00317608,0.0194738,0.994737,190,101.758,10.8846
0.00063187,0.00110182,0.00665791,1,193,101.758,11.9187
0.00233454,0.0039949,0.010882,0.984536,194,101.758,11.1193
0.00176519,0.0010732,0.00637062,1,190,101.758,11.4627
0.00182177,0.00320917,0.020517,1,193,101.758,12.2031
0.00178802,0.00322569,0.0208388,1,193,101.758,12.469
0.00181244,0.0031781,0.0196044,1,192,101.758,12.0038
0.00178799,0.0032975,0.0207143,1,198,101.758,11.3273
0.00183648,0.00348495,0.0261088,1,202,101.758,12.0533
0.000528318,0.000945329,0.00572094,1,194,101.758,11.9854
0.00275446,0.00443661,0.0123463,1,196,101.758,12.4316
0.00252787,0.00452206,0.0254889,1,196,101.758,11.921
0.00141059,0.00306133,0.0207431,1,199,101.758,11.2904
0.000763397,0.00125972,0.00774272,1,197,101.758,11.3533
0.00181319,0.00330496,0.0205617,1,198,101.758,11.9559
0.00126026,0.00283701,0.0198961,1,193,101.758,12.3068
0.00181448,0.00321657,0.0196618,1,194,101.758,11.7678
0.00183213,0.00348571,0.0211342,1,201,101.758,11.7391
0.000705719,0.00133313,0.00824914,0.994924,197,101.758,12.0694
0.00188958,0.00325153,0.0198825,1,192,101.758,11.1125
0.00228733,0.00335683,0.0206939,1,199,101.758,11.3249
0.000986628,0.00187456,0.0148211,1,193,101.758,11.426
0.00150325,0.00260159,0.0160967,1,191,101.758,11.577
0.00176026,0.00325882,0.0203096,1,196,101.758,12.76
0.00177616,0.00328506,0.0207835,1,195,101.758,12.4991
0.000845136,0.00149366,0.00939294,1,192,101.758,12.5767
0.00180532,0.00331994,0.02055,1,197,101.758,12.3594
0.00180361,0.00326313,0.0205763,0.989744,195,101.758,11.843
0.00177924,0.00332736,0.0201262,1,197,101.758,11.2354
0.000782088,0.00153341,0.0107243,1,193,101.758,11.535
0.001825,0.00324264,0.0204375,1,192,101.758,12.0059
0.000847473,0.00186273,0.0114404,1,196,101.758,11.3445
0.00190904,0.0028724,0.0146374,1,195,101.758,11.5017
0.00181228,0.00310482,0.02176,1,189,101.758,11.5957
0.000874083,0.0018941,0.0117113,1,202,101.758,11.2884
0.00171715,0.00291874,0.0177264,1,197,101.758,12.0245
0.00183202,0.0031669,0.0205147,1,192,101.758,11.4612
0.00174235,0.00332356,0.0203802,1,197,101.758,11.4907
0.000780149,0.00141375,0.0106112,0.984293,191,101.758,11.3783
0.00173493,0.00404567,0.0209177,1,192,101.758,11.958
0.000994731,0.00168488,0.0127963,1,190,101.758,11.0013
0.00179844,0.00335357,0.0193627,1,191,101.758,11.6251
0.00243659,0.00443648,0.0259996,1,193,101.758,11.2439
0.000586891,0.00127217,0.0088381,1,191,101.758,11.751
0.00173874,0.00328214,0.0286295,0.994898,196,101.758,11.9208
0.00176549,0.00344909,0.0156101,1,199,101.758,11.6479
0.000634606,0.0011061,0.00635554,1,196,101.611,12.4005
0.00182482,0.00328713,0.0284604,1,198,101.611,11.4722
0.000895981,0.00185123,0.0160297,1,200,101.611,11.6902
0.00175363,0.00331565,0.0205426,1,197,101.611,11.596
0.00175043,0.00346503,0.0209406,0.985075,201,101.611,11.9403
0.00154867,0.00321933,0.0200739,1,192,101.611,12.565
0.00179005,0.0031395,0.0202268,1,189,101.611,11.0278
0.00181929,0.00330275,0.0206935,1,196,101.611,11.8479
0.000735628,0.00137861,0.00998093,0.994845,194,101.611,12.0547
0.00181099,0.00321259,0.0198737,1,193,101.611,12.1759
0.00176799,0.0032852,0.0201011,1,194,101.611,10.6045
0.00178555,0.00335428,0.020425,1,198,101.611,11.1608
0.00176679,0.00333932,0.0206638,0.979899,199,101.611,11.0192
0.00149981,0.00294541,0.0202255,1,197,101.611,11.3498
0.00178747,0.00327034,0.0198644,1,194,101.611,11.7564
0.00172751,0.00329927,0.0208043,1,197,101.611,11.9923
0.00172593,0.00321924,0.0117183,1,197,101.611,11.8282
0.00173222,0.00327271,0.0202023,1,196,101.611,11.4738
0.00175216,0.00343011,0.0214245,0.990099,202,101.611,11.2001
0.00172434,0.00323228,0.0198733,1,192,101.611,11.9876
0.00157112,0.003165,0.0208065,1,197,101.611,11.3654
0.00172162,0.00319336,0.0196892,1,191,101.611,11.0868
0.00177962,0.00325738,0.019879,1,193,101.611,11.7178
0.000680433,0.00128649,0.00781422,1,190,101.611,10.883
0.000738136,0.00134674,0.00841402,0.989583,192,101.611,11.4789
0.00180309,0.00316327,0.0199547,0.994737,190,101.611,10.593
0.0017677,0.00308019,0.0193138,1,189,101.611,10.8878
0.00218948,0.00443178,0.0292496,0.989899,198,101.611,11.3954
0.000891211,0.00162952,0.0119184,1,193,101.611,11.5288
0.00153981,0.0028298,0.0105114,1,198,101.611,10.932
0.00180319,0.00324176,0.0217682,1,194,101.611,11.2895
0.00181472,0.0030748,0.0260497,1,187,101.611,10.2064
0.000500974,0.00093189,0.00560038,1,193,101.611,11.4845
0.00276375,0.00450683,0.0174114,1,196,101.611,12.375
0.00182771,0.00322496,0.0228326,1,194,101.611,12.0628
0.000957531,0.00203987,0.0122611,1,197,101.611,11.6758
0.00177865,0.00331526,0.0205505,1,196,101.611,11.0597
0.00129719,0.00293388,0.0203587,1,199,101.611,11.9685
0.000845637,0.00147769,0.00914062,0.989848,197,101.611,11.4408
0.00180322,0.00332599,0.0248249,1,198,101.611,11.9778
0.00179007,0.00319506,0.0195675,1,191,101.611,11.7044
0.00143478,0.00297172,0.020336,1,200,101.611,12.2924
0.0017664,0.00346939,0.0206853,1,204,101.611,12.0254
0.0017499,0.00320695,0.0181701,1,191,101.611,12.1577
0.00177542,0.00325085,0.0195886,0.994845,194,101.611,11.4693
0.00182979,0.00316405,0.0222483,1,191,101.611,11.5036
0.00183043,0.00324737,0.0198555,1,196,101.611,11.5721
0.00177334,0.00327388,0.0155929,0.994792,192,101.611,10.933
0.00298536,0.00439458,0.0239815,1,193,101.611,10.8392
0.000610511,0.000958717,0.00584241,1,197,101.611,11.3918
0.0026558,0.00335599,0.0134779,1,192,101.465,12.0947
0.00232191,0.00447387,0.0176227,0.994924,197,101.465,11.4831
0.00131577,0.00303802,0.0198188,1,196,101.465,11.8088
0.000702838,0.00134362,0.00818198,0.994872,195,101.465,11.9866
0.00290078,0.00433733,0.0165116,1,192,101.465,12.1192
0.00110236,0.00203366,0.0226445,1,195,101.465,12.0099
0.000902953,0.00157399,0.0143755,1,199,101.465,10.7946
0.00180202,0.0033246,0.0133481,1,198,101.465,11.041
0.00174091,0.00340951,0.0297252,1,201,101.465,10.988
0.000925381,0.00171151,0.0160254,0.938462,195,101.465,11.8176
0.00176728,0.00306781,0.0260154,1,187,101.465,11.6832
0.00181259,0.00324946,0.0146167,1,192,101.465,11.6101
0.000629519,0.00105152,0.00625491,1,189,101.465,11.4327
0.00172705,0.00325824,0.0284613,1,191,101.465,11.5554
0.00208661,0.00439736,0.0282816,1,194,101.465,12.2361
0.00294048,0.00481531,0.0227564,1,204,101.465,11.6554
0.000740812,0.00139876,0.0110865,1,195,101.465,11.9966
0.00181343,0.00318733,0.0282561,1,191,101.465,11.5052
0.015363,0.00553464,0.0198584,1,258,101.465,13.3084
0.00134347,0.00137881,0.00935448,1,195,101.465,12.274
0.00249444,0.00330732,0.0276388,1,196,101.465,11.771
0.000733786,0.00118645,0.00813032,1,191,101.465,11.1799
0.00184005,0.00313915,0.0274911,1,190,101.465,11.5865
0.000737702,0.00119519,0.00795441,1,190,101.465,12.691
0.00179618,0.00329981,0.00853822,0.989744,195,101.465,12.0034
0.00180118,0.00334847,0.0208215,1,199,101.465,10.9601
0.00199663,0.00331912,0.0194464,1,198,101.465,11.1755
0.00175489,0.00343167,0.0206618,1,202,101.465,11.3606
0.00129831,0.00340899,0.0203839,1,200,101.465,12.4676
0.001761,0.00302447,0.0192604,1,185,101.465,11.8498
0.00177,0.00335464,0.0274092,1,198,101.465,11.5629
0.00186827,0.00348884,0.0138015,1,199,101.465,10.9575
0.000569716,0.00100421,0.00615153,1,189,101.465,11.3791
0.00182498,0.00343057,0.029304,1,202,101.465,11.9648
0.00180156,0.00327211,0.0225449,1,196,101.465,11.1962
0.000747237,0.00134622,0.0100262,1,196,101.465,11.2014
0.00119013,0.00291547,0.0247346,1,195,101.465,11.2294
0.00305592,0.00457826,0.0212708,1,199,101.465,11.1892
0.000892389,0.00159006,0.0167735,1,191,101.465,11.3044
0.00177751,0.00337861,0.0286722,1,197,101.465,11.5113
0.000947329,0.00163666,0.0153857,1,195,101.465,11.8826
0.00180244,0.00356626,0.00981262,1,206,101.465,12.1724
0.00180018,0.0033883,0.0211101,1,200,101.465,12.0315
0.000832429,0.00143696,0.0119073,1,194,101.465,11.8038
0.00175878,0.00330752,0.0277923,1,197,101.465,11.5415
0.00182191,0.00345028,0.0149268,1,196,101.465,12.0026
0.00110735,0.00201733,0.0216217,1,194,101.465,11.5439
0.000676961,0.00114906,0.0069753,1,193,101.465,11.3402
0.00184621,0.0032117,0.00566116,1,193,101.465,11.9166
0.00111142,0.00203567,0.0210159,1,196,101.465,12.3397
0.00178834,0.00339247,0.0279967,1,200,101.318,12.4879
0.000719124,0.00130978,0.00915573,1,197,101.318,11.1268
0.00298982,0.00448947,0.0174345,0.994872,195,101.318,12.3833
0.000694932,0.00122752,0.00923825,1,197,101.318,10.7732
0.00170126,0.00323943,0.0282465,1,193,101.318,11.9907
0.000790324,0.00136661,0.0110383,1,194,101.318,12.1282
0.00170689,0.00326455,0.0274032,1,195,101.318,11.5912
0.000867404,0.00163576,0.0151402,1,195,101.318,11.1693
0.00288449,0.00438912,0.0203155,1,194,101.318,11.2108
0.000896202,0.00163919,0.0163831,1,192,101.318,11.4361
0.00177251,0.00334868,0.0276892,1,198,101.318,11.0376
0.000691341,0.00124989,0.0104031,1,201,101.318,11.3024
0.00175261,0.00394098,0.0315299,1,205,101.318,11.1048
0.000869689,0.00168243,0.0153636,1,198,101.318,12.2409
0.00177062,0.0034049,0.0287982,1,201,101.318,12.4772
0.00089049,0.00162229,0.0152556,1,193,101.318,12.239
0.000602502,0.00108546,0.00786098,1,190,101.318,12.0246
0.00178511,0.0030639,0.0281277,1,188,101.318,12.1578
0.00192557,0.00361094,0.0246484,1,192,101.318,10.6131
0.00178872,0.00339784,0.0209521,1,200,101.318,12.0301
0.00115599,0.00245868,0.0184101,1,201,101.318,12.3972
0.00161461,0.00323834,0.0200146,1,194,101.318,11.4686
0.00176321,0.00343595,0.022584,1,200,101.318,10.6822
0.00149205,0.00327917,0.0196367,1,193,101.318,11.7474
0.00059456,0.00108599,0.00670038,1,194,101.318,12.8336
0.00176016,0.00320321,0.0210294,1,192,101.318,12.2244
0.00178978,0.00314683,0.0208432,1,191,101.318,11.4322
0.00174608,0.00349266,0.0180599,1,198,101.318,11.8041
0.00119928,0.00228332,0.0169738,1,201,101.318,12.5923
0.00178643,0.00331038,0.02041,1,198,101.318,11.6618
0.00103623,0.00187141,0.01443,1,192,101.318,12.2279
0.00185991,0.00317091,0.0195362,1,190,101.318,10.8382
0.00174089,0.0032016,0.0199915,1,192,101.318,11.5516
0.0017485,0.00310139,0.018927,1,189,101.318,10.8784
0.00175252,0.00330827,0.0199567,1,196,101.318,11.705
0.00176719,0.00345559,0.0207106,0.99005,201,101.318,11.6208
0.00179717,0.00315422,0.0198088,1,192,101.318,11.6232
0.00175456,0.00313064,0.0195319,1,188,101.318,10.8891
0.00177966,0.00334429,0.0202563,1,198,101.318,10.1501
0.00178412,0.00314541,0.0202046,1,191,101.318,12.1409
0.00179554,0.00338777,0.0229243,1,201,101.318,12.0683
0.00121465,0.00208609,0.0175227,1,191,101.318,11.4107
0.00177881,0.00323371,0.0202939,1,195,101.318,12.8994
0.0015795,0.00310903,0.0204534,1,197,101.318,12.0783
0.00157382,0.00320925,0.0201093,1,196,101.318,12.3403
0.000998889,0.00211562,0.0134037,1,195,101.318,11.6556
0.00170845,0.00351826,0.0224555,1,195,101.318,11.1254
0.000599566,0.00106272,0.00637535,0.994709,189,101.318,10.5866
0.000772496,0.0015362,0.0118308,1,201,101.318,12.3718
0.00174791,0.00341342,0.0208006,1,201,101.318,11.6436
0.00159546,0.00285769,0.0195613,1,190,117.236,12.2119
0.00175767,0.00346286,0.0203832,1,201,117.236,11.695
0.00178157,0.00328688,0.0202292,1,196,117.236,10.7806
0.000979348,0.00211488,0.0133188,1,196,117.236,10.551
0.00179502,0.00330391,0.0199928,1,197,117.236,10.7712
0.00178264,0.0035053,0.0223265,1,195,117.236,11.9796
0.000974808,0.00202798,0.0132455,1,195,117.236,10.9972
0.0014515,0.00322715,0.0195878,1,191,117.236,11.1946
0.00169171,0.00327064,0.0204282,1,196,117.236,11.6034
0.00179445,0.00323437,0.0198768,1,193,117.236,11.5892
0.000981665,0.00185993,0.0144962,1,193,117.236,11.2834
0.00136165,0.00272725,0.020654,1,202,117.236,11.5617
0.00170558,0.00333495,0.0202939,1,197,117.236,12.3414
0.000978508,0.00184892,0.0116255,1,192,117.236,11.3743
0.00196606,0.00333723,0.0202145,1,198,117.236,10.7419
0.00170484,0.00317805,0.0199165,1,191,117.236,11.7331
0.00169185,0.00324403,0.0198257,1,193,117.236,11.3117
0.00162757,0.00318407,0.0197369,1,193,117.236,11.7862
0.00126103,0.00300201,0.0196071,1,189,117.236,11.748
0.00175604,0.0032953,0.0205909,0.994872,195,117.236,10.9089
0.00168223,0.00321415,0.019986,1,193,117.236,11.4482
0.00174763,0.00341638,0.0206086,0.99505,202,117.236,11.836
0.00173413,0.00318437,0.0198218,1,192,117.236,11.935
0.0017477,0.0032089,0.0195321,1,190,117.236,11.7094
0.00125227,0.00294133,0.0205634,1,195,117.236,11.7638
0.00173629,0.00336564,0.0205345,1,196,117.236,11.8949
0.0017503,0.00324646,0.0200125,1,192,117.236,11.7125
0.00134812,0.00328187,0.0203251,1,195,117.236,11.5682
0.00173749,0.0032934,0.0201276,1,195,117.236,12.4278
0.0015883,0.00325963,0.0126368,1,195,117.236,11.2756
0.00182337,0.00339225,0.0213987,1,192,117.236,11.3968
0.00140811,0.00291913,0.0202637,1,195,117.236,12.5462
0.00198767,0.00320288,0.0171782,1,193,117.236,12.3199
0.00111246,0.00248762,0.0178363,1,197,117.236,11.7829
0.00169505,0.00219563,0.00608984,1,189,117.236,11.8249
0.00177705,0.00321629,0.0197533,1,194,117.236,12.4287
0.00177613,0.00326466,0.0189919,1,195,117.236,12.5692
0.00173059,0.00322638,0.0200239,1,194,117.236,11.5701
0.00171132,0.00326916,0.0203523,0.994898,196,117.236,12.552
0.00165479,0.00323439,0.019743,1,193,117.236,12.0413
0.00169721,0.00337712,0.0206594,0.984848,198,117.236,11.3276
0.000785882,0.00153487,0.0107912,1,200,117.236,12.697
0.00169465,0.00337375,0.0202821,1,198,117.236,12.1668
0.00174459,0.00339398,0.0125473,1,198,117.236,11.648
0.00179248,0.00328218,0.0202942,1,197,117.236,12.2013
0.00153983,0.00321442,0.0197798,1,192,117.236,11.477
0.00169073,0.00321781,0.0192095,1,190,117.236,12.1333
0.00168879,0.00320759,0.0196367,1,192,117.236,11.3352
0.00169085,0.00336029,0.0198553,1,196,117.236,12.1267
0.00169217,0.00339086,0.0205915,1,198,117.236,11.1135
0.0014948,0.00324614,0.0200406,1,195,115.82,11.1152
0.00151992,0.00282351,0.0194315,0.994764,191,115.82,11.1541
0.00174997,0.00355963,0.0208631,1,205,115.82,11.5334
0.0010828,0.00211471,0.0129291,1,190,115.82,12.1845
0.0017307,0.00311074,0.0194585,1,188,115.82,11.582
0.00171645,0.00333133,0.0202769,1,198,115.82,12.0193
0.00168185,0.00315388,0.0192925,1,190,115.82,12.5071
0.00176769,0.00315903,0.0189836,1,190,115.82,11.8261
0.00174749,0.0030787,0.0195592,1,188,115.82,10.9443
0.00171331,0.00331768,0.0208105,1,198,115.82,12.2013
0.00169248,0.00330812,0.02019,1,195,115.82,11.4747
0.00177042,0.00328448,0.0197841,1,193,115.82,11.1333
0.00172263,0.00309921,0.0194122,1,189,115.82,11.9979
0.00170137,0.00317506,0.0196216,1,191,115.82,11.3111
0.00118666,0.0021492,0.0175385,1,193,115.82,11.6944
0.00176968,0.00310741,0.0192844,1,190,115.82,11.3428
0.00174275,0.00328333,0.0203039,0.994898,196,115.82,11.4678
0.0011404,0.00229542,0.0191922,0.984456,193,115.82,11.8755
0.00170408,0.00327173,0.0202931,1,195,115.82,12.2637
0.0016279,0.00337914,0.0204556,1,199,115.82,11.797
0.0017788,0.00328987,0.020064,1,196,115.82,11.2534
0.00175187,0.00326279,0.0200251,1,193,115.82,11.7933
0.00128886,0.00246411,0.0195088,1,192,115.82,12.4966
0.001744,0.00326104,0.0200406,1,194,115.82,11.8666
0.00091214,0.00178013,0.0131429,1,194,115.82,10.5069
0.00169288,0.00310274,0.0195146,1,189,115.82,11.9639
0.00174474,0.00340874,0.0203511,1,201,115.82,11.5882
0.00168695,0.00353559,0.0204727,1,201,115.82,12.1592
0.00173665,0.00318965,0.0197292,1,192,115.82,12.1353
0.00108199,0.00214212,0.0133017,1,194,115.82,12.0795
0.00180429,0.00324785,0.0200472,1,194,115.82,11.7717
0.00069613,0.0013156,0.00782637,0.994792,192,115.82,11.4863
0.000687006,0.00117353,0.00838001,1,192,115.82,11.6982
0.00169275,0.00320881,0.0195783,1,191,115.82,11.8552
0.00172253,0.00312028,0.0193314,1,190,115.82,11.7676
0.00168354,0.00307651,0.0196172,1,189,115.82,10.9347
0.000786089,0.00130178,0.00816482,1,194,115.82,11.3673
0.00173735,0.00323646,0.0196888,1,194,115.82,12.2463
0.00172983,0.00331035,0.0194135,1,196,115.82,11.1093
0.00169518,0.00319418,0.0198857,1,194,115.82,12.5687
0.00175346,0.00313874,0.0201408,1,192,115.82,12.2885
0.00168749,0.00317542,0.0196552,0.989362,188,115.82,9.65947
0.00170046,0.00319136,0.0197509,1,194,115.82,11.6734
0.0012574,0.00286956,0.0138572,0.984456,193,115.82,11.2786
0.00175267,0.00327351,0.019871,1,195,115.82,11.0926
0.00168854,0.00317586,0.0195157,1,191,115.82,12.1206
0.00169912,0.00320974,0.0199144,1,193,115.82,12.2482
0.00172406,0.0032272,0.0199453,1,193,115.82,11.4005
0.00170203,0.00331726,0.0205763,1,196,115.82,12.6297
0.00292487,0.00432579,0.0162446,1,194,115.82,11.6581
0.00216326,0.00446406,0.0288139,1,196,114.551,12.3698
0.000774168,0.00119588,0.00584284,1,197,114.551,11.6557
0.0030192,0.00465997,0.0263309,1,197,114.551,12.4617
0.000805143,0.00189705,0.0137396,1,196,114.551,12.0195
0.00180393,0.00363586,0.028812,1,195,114.551,12.2062
0.00077753,0.00142952,0.0110487,1,196,114.551,11.248
0.00177748,0.00334623,0.0282091,1,197,114.551,12.2317
0.00180511,0.00307925,0.0148769,1,188,114.551,12.0992
0.0069415,0.00303196,0.0190278,1,261,114.551,13.7762
0.00106589,0.00112578,0.00818182,1,195,114.551,11.6819
0.00300851,0.00456329,0.0173052,1,196,114.551,11.5319
0.0017929,0.00328561,0.010739,1,196,114.551,12.3343
0.00181754,0.002963,0.0188354,1,183,114.551,11.4611
0.00178784,0.00330093,0.0206479,1,198,114.551,10.7123
0.00157411,0.00323366,0.0205167,1,198,114.551,11.4363
0.00174964,0.0031152,0.0195713,1,189,114.551,10.9089
0.00125242,0.00253495,0.020499,1,203,114.551,11.508
0.00180524,0.00316572,0.0198597,1,191,114.551,12.4558
0.00176417,0.0031877,0.0216378,1,190,114.551,10.7344
0.00166303,0.00231247,0.0145341,1,192,114.551,11.5744
0.0012561,0.00232585,0.0194035,1,192,114.551,11.9311
0.002667,0.00429495,0.0192216,1,195,114.551,11.7356
0.000663185,0.00118008,0.00834501,1,192,114.551,12.2663
0.00175632,0.00313089,0.0196138,1,188,114.551,11.5761
0.00176581,0.00317184,0.0196572,1,191,114.551,11.9242
0.00182271,0.00321917,0.0214456,1,194,114.551,11.5403
0.00164849,0.00318251,0.020049,1,192,114.551,12.369
0.00103924,0.00198745,0.0150767,1,194,114.551,11.3064
0.00138957,0.00277919,0.0137601,1,192,114.551,11.6639
0.00183506,0.00313784,0.0195243,1,190,114.551,12.4751
0.001802,0.00313099,0.0196805,1,189,114.551,11.9774
0.00182511,0.00331589,0.021656,1,197,114.551,11.6554
0.000851935,0.00152358,0.0106645,1,196,114.551,10.505
0.00246044,0.00354606,0.0200493,1,197,114.551,11.3157
0.000677172,0.00127834,0.00939199,1,197,114.551,13.6111
0.00182167,0.00344984,0.0201913,1,192,114.551,12.5026
0.00277264,0.00382959,0.0177797,1,196,114.551,12.4735
0.000801272,0.00159656,0.0114695,1,198,114.551,11.7278
0.00171051,0.00338136,0.0204353,1,196,114.551,12.3305
0.00177127,0.00325525,0.0225193,1,194,114.551,12.103
0.000947162,0.0016913,0.0122923,1,187,114.551,11.6581
0.00176997,0.00315883,0.0196494,0.994737,190,114.551,12.001
0.00118596,0.00283528,0.0182245,1,202,114.551,10.769
0.00142987,0.00263397,0.0201921,1,195,114.551,11.971
0.0018361,0.00350098,0.0219672,1,196,114.551,10.4656
0.00061519,0.00112563,0.0070174,1,198,114.551,12.5174
0.00177699,0.00325683,0.0209365,1,195,114.551,12.1869
0.00182992,0.00319147,0.0220403,1,192,114.551,12.5843
0.000929121,0.00181485,0.0120619,1,192,114.551,12.1627
0.00132842,0.00298564,0.0207485,1,198,114.551,11.6138
0.00125136,0.00247645,0.0192084,1,192,113.379,11.5391
0.000918099,0.00172357,0.0124292,1,200,113.379,12.39
0.00181422,0.00346751,0.0211964,1,201,113.379,11.7321
0.000702519,0.0012339,0.00787228,1,188,113.379,13.2268
0.0018102,0.00330078,0.0146033,1,198,113.379,11.6792
0.00181912,0.00329683,0.021755,1,193,113.379,12.2586
0.00181276,0.00319694,0.0201527,0.994819,193,113.379,11.7038
0.00181416,0.00326546,0.0196631,0.979275,193,113.379,11.4351
0.00181834,0.00337225,0.0221815,1,195,113.379,12.7207
0.000651449,0.0011256,0.00745086,1,196,113.379,11.0604
0.00178556,0.00339592,0.0226434,0.994975,199,113.379,12.5202
0.00064716,0.00116697,0.00690392,1,199,113.379,11.5012
0.00173499,0.00353887,0.021794,1,195,113.379,11.2018
0.00178722,0.0029172,0.0186532,1,182,113.379,11.1046
0.00179233,0.00346921,0.0204966,1,201,113.379,12.1334
0.00121438,0.0022307,0.0173431,1,191,113.379,11.8643
0.00180676,0.00316086,0.0195953,1,192,113.379,11.5296
0.0017694,0.00333405,0.0207897,1,198,113.379,12.0381
0.00149369,0.00282963,0.017211,1,190,113.379,11.1944
0.000928165,0.00170789,0.0123514,1,196,113.379,11.1737
0.00179788,0.00333315,0.0201706,1,198,113.379,11.4307
0.00180628,0.00347688,0.0225016,0.995025,201,113.379,11.6132
0.000867484,0.00166414,0.0117748,1,197,113.379,11.7815
0.00204376,0.00322634,0.0175422,1,193,113.379,12.0985
0.00177552,0.00336193,0.0221204,1,199,113.379,13.483
0.0017668,0.00343496,0.0206737,1,200,113.379,11.8169
0.00155564,0.00304042,0.0208236,1,197,113.379,11.5132
0.017373,0.00515362,0.0147429,1,257,113.379,13.543
0.00121426,0.00124074,0.00752267,1,199,113.379,11.899
0.0014267,0.00275564,0.0171371,1,192,113.379,11.9901
0.00175118,0.00317002,0.0214941,0.994764,191,113.379,11.68
0.00173803,0.00333909,0.0222025,1,198,113.379,11.9999
0.00080856,0.0016485,0.010874,1,198,113.379,12.1872
0.00181558,0.00323102,0.0166633,1,193,113.379,12.1933
0.00179598,0.00327622,0.0202581,0.994924,197,113.379,11.1906
0.00166197,0.00260618,0.0179751,1,195,113.379,11.334
0.00177436,0.00331964,0.0188161,1,197,113.379,12.8486
0.0018143,0.00331184,0.0223658,1,195,113.379,12.0533
0.00112169,0.0019992,0.015467,0.994709,189,113.379,11.7282
0.00180643,0.00335207,0.019925,1,197,113.379,11.5969
0.00169813,0.00322103,0.0201191,1,193,113.379,11.6614
0.00180004,0.00316561,0.0198008,1,193,113.379,11.7265
0.00177696,0.0032136,0.0200263,0.994764,191,113.379,11.9341
0.00176948,0.00308777,0.0192796,1,187,113.379,12.362
0.00180664,0.00329948,0.0200235,1,198,113.379,11.1507
0.00159587,0.00288683,0.019986,1,191,113.379,12.6108
0.000835047,0.0015364,0.0112263,1,198,113.379,10.8515
0.00183158,0.00318459,0.0206017,1,192,113.379,11.6896
0.00156203,0.00333487,0.0204324,1,196,113.379,12.9718
0.00176038,0.00324198,0.0199492,1,190,113.379,11.211
0.00180057,0.00318622,0.0183521,1,191,112.305,11.8229
0.00122599,0.00270105,0.0183477,1,198,112.305,11.7823
0.00181904,0.00326107,0.0202405,1,195,112.305,11.8285
0.00181703,0.00323869,0.019693,1,194,112.305,11.2399
0.000996383,0.00193381,0.013984,1,200,112.305,11.0912
0.00142821,0.00331644,0.020427,1,197,112.305,11.7375
0.00177349,0.00343846,0.0178615,1,202,112.305,12.067
0.00179195,0.00333593,0.0204922,1,193,112.305,11.273
0.0155352,0.00534678,0.0158066,0.996241,266,112.305,13.7228
0.0010141,0.000957217,0.00547433,1,195,112.305,11.8518
0.00336546,0.00377308,0.0195989,1,191,112.305,12.1092
0.000696538,0.00133923,0.00807087,1,199,112.305,11.4781
0.0018431,0.00330481,0.0174723,1,193,112.305,11.5474
0.0018043,0.00331634,0.0204986,1,196,112.305,11.5888
0.00177068,0.00333871,0.0217837,0.989418,189,112.305,11.3254
0.00101413,0.00178767,0.0112041,1,189,112.305,11.6093
0.00181019,0.00330223,0.0197018,1,196,112.305,12.0512
0.00185294,0.00324565,0.020013,1,191,112.305,11.9754
0.0014241,0.00303266,0.01901,1,187,112.305,12.2251
0.00183304,0.00334683,0.0180394,1,197,112.305,10.9896
0.00143772,0.00265357,0.0162073,1,197,112.305,11.7122
0.00175737,0.00313556,0.0265768,1,190,112.305,12.2707
0.00179991,0.00384952,0.0259182,1,192,112.305,11.5587
0.00175649,0.00316253,0.0252142,0.994737,190,112.305,11.5703
0.00178919,0.00328321,0.0261238,0.97449,196,112.305,11.8417
0.00181244,0.00354393,0.0117429,1,206,112.305,11.0452
0.00141157,0.00293273,0.0281523,0.994845,194,112.305,11.0718
0.0018003,0.00315577,0.0126681,1,190,112.305,12.0091
0.00159383,0.00280914,0.0174168,1,190,112.305,11.7965
0.000974853,0.00203353,0.0132707,1,192,112.305,11.4788
0.0010358,0.00204102,0.0121001,1,203,112.305,11.1054
0.00178221,0.00333787,0.0206744,0.984772,197,112.305,11.5861
0.00178462,0.00330925,0.0210264,1,195,112.305,12.1695
0.00110184,0.00195191,0.0152034,1,191,112.305,11.5921
0.001715,0.00328962,0.024962,1,195,112.305,11.651
0.0013756,0.00268884,0.0278073,1,198,112.305,11.9724
0.00103975,0.00185788,0.0188283,1,193,112.305,11.0734
0.0017631,0.00332548,0.0281147,1,196,112.305,12.3444
0.00110557,0.0019915,0.0210868,1,191,112.305,12.0586
0.00102985,0.00197444,0.0194384,1,192,112.305,11.8269
0.00176514,0.00322784,0.0268159,1,194,112.305,12.5231
0.000885306,0.00175682,0.0151685,1,189,112.305,10.6849
0.00180019,0.00431303,0.0267795,1,192,112.305,11.7608
0.000684188,0.0012458,0.00754232,1,195,112.305,11.2035
0.00175857,0.00324437,0.0197616,1,192,112.305,11.2521
0.00156419,0.00290333,0.0201231,1,194,112.305,12.1147
0.00177695,0.00336786,0.020381,1,195,112.305,11.6684
0.00168202,0.0033787,0.0202382,1,199,112.305,11.9724
0.00180523,0.00320196,0.0197487,1,192,112.305,11.3071
0.000973738,0.00182252,0.0131505,1,193,112.305,12.0619
0.00180767,0.00330375,0.0201652,1,198,111.279,11.1946
0.0018,0.00325745,0.0277986,1,194,111.279,10.9899
0.000805274,0.00151606,0.0098894,0.984456,193,111.279,11.6884
0.00217658,0.00350053,0.0173946,0.989529,191,111.279,12.2227
0.00291268,0.00447558,0.0227809,0.989691,194,111.279,11.3359
0.00163271,0.00316876,0.0292215,1,191,111.279,11.9563
0.001702,0.00332421,0.00642117,1,197,111.279,12.0755
0.00181836,0.00317393,0.0197548,1,191,111.279,12.0823
0.00179124,0.00305835,0.0191326,1,187,111.279,11.8031
0.00177833,0.00324895,0.0203843,1,196,111.279,12.1498
0.00177722,0.00329,0.0208271,1,198,111.279,11.943
0.00118491,0.00210999,0.017497,1,192,111.279,10.2356
0.00177795,0.00317019,0.0199805,1,191,111.279,12.2951
0.00174805,0.00316432,0.0197632,0.963158,190,111.279,11.0649
0.00175028,0.00334696,0.0199669,0.989848,197,111.279,11.3556
0.00174731,0.00335645,0.0204017,1,199,111.279,11.4608
0.00175444,0.00317179,0.0197536,1,191,111.279,11.3943
0.00177165,0.00321345,0.0197771,1,194,111.279,11.4345
0.00178886,0.00320945,0.0194248,0.979058,191,111.279,10.6398
0.00179278,0.0036259,0.0206048,1,195,111.279,10.8121
0.00100003,0.00232074,0.0145341,0.989691,194,111.279,9.98197
0.00170787,0.00333917,0.020306,1,197,111.279,10.8748
0.00180438,0.0032968,0.0200922,1,193,111.279,11.1329
0.00177557,0.00315241,0.0198847,1,191,111.279,13.152
0.00170633,0.00327181,0.0199653,1,195,111.279,11.8483
0.00119532,0.00302582,0.0287482,1,200,111.279,12.3192
0.00280141,0.00455738,0.0169956,1,197,111.279,12.9723
0.000643921,0.00116883,0.00726803,1,191,111.279,12.0406
0.00187148,0.00323103,0.0285532,1,193,111.279,11.5607
0.000891035,0.00164619,0.0188601,1,195,111.279,11.2809
0.00284631,0.0045791,0.0212435,1,198,111.279,11.9458
0.000520687,0.000911608,0.00580995,0.994737,190,111.279,11.8163
0.000993942,0.00175102,0.0208294,1,195,111.279,12.0104
0.0021768,0.00340539,0.013812,1,197,111.279,12.1448
0.00058266,0.00110459,0.00672074,1,201,111.279,10.5951
0.00178557,0.00333588,0.0174042,0.994924,197,111.279,11.732
0.000895016,0.00171425,0.0159107,1,196,111.279,12.2494
0.000961885,0.00171285,0.0127956,1,193,111.279,11.6069
0.00275489,0.00394321,0.0153667,1,198,111.279,11.9454
0.000788196,0.00141424,0.0112804,1,195,111.279,12.3652
0.00179408,0.00328874,0.0278456,1,195,111.279,11.0308
0.00171263,0.0032382,0.00634648,1,197,111.279,12.14
0.00174862,0.00328559,0.0203102,1,197,111.279,11.3613
0.0017454,0.00323568,0.0196951,1,194,111.279,11.4773
0.00173735,0.00318323,0.0192131,1,192,111.279,12.404
0.00178263,0.00330192,0.0208306,1,196,111.279,12.685
0.00182553,0.00324879,0.0208956,1,196,111.279,11.2739
0.00173992,0.0033124,0.0193534,0.994898,196,111.279,11.0144
0.00180658,0.00331004,0.0205231,1,197,111.279,10.8959
0.00178323,0.00315479,0.0201889,1,193,111.279,12.1772
0.000979879,0.00221572,0.0143299,1,193,126.416,11.2226
0.00174209,0.00319731,0.0202256,1,190,126.416,11.6744
0.00180992,0.00324997,0.0205245,1,192,126.416,12.1415
0.00177306,0.00327953,0.0199655,1,195,126.416,11.2838
0.000688648,0.00126958,0.00786235,1,197,126.416,11.557
0.00174356,0.00322409,0.0160672,1,191,126.416,11.5742
0.00173995,0.00336635,0.0203777,1,198,126.416,11.0712
0.00178391,0.00298831,0.0192784,0.98913,184,126.416,11.4158
0.00175465,0.0033373,0.0201023,1,195,126.416,11.0258
0.000945435,0.00214502,0.0166714,1,192,126.416,12.5682
0.00177121,0.00322607,0.0196319,1,194,126.416,11.0009
0.00173204,0.00325807,0.0198615,1,194,126.416,12.3141
0.00177394,0.00335984,0.0201573,1,198,126.416,11.3567
0.00158455,0.00282828,0.0197684,1,191,126.416,11.276
0.00178544,0.00315789,0.0196053,1,190,126.416,11.6288
0.00173765,0.00335324,0.0198929,1,196,126.416,10.9708
0.00174902,0.00313798,0.0192999,1,189,126.416,12.056
0.00174062,0.00334135,0.0204875,1,198,126.416,11.3127
0.00175042,0.00331798,0.0202515,1,198,126.416,10.3279
0.00177013,0.00268315,0.0064348,1,194,126.416,12.1305
0.00178242,0.00318951,0.0195523,1,192,126.416,11.244
0.00126639,0.00286166,0.0209103,1,197,126.416,11.4646
0.00177395,0.00327324,0.0216445,1,194,126.416,11.8331
0.00133481,0.00233555,0.0147685,1,194,126.416,10.8217
0.00177689,0.00318276,0.0199581,0.994792,192,126.416,11.7151
0.00155446,0.00310792,0.0201496,1,191,126.416,12.3821
0.00281739,0.00400036,0.0207956,1,198,126.416,12.1449
0.00178237,0.0030351,0.0219626,1,188,126.416,11.6019
0.00174753,0.00333535,0.0203073,1,196,126.416,11.4641
0.00158322,0.00303322,0.0200299,1,193,126.416,10.3445
0.00241829,0.00332494,0.0165712,1,193,126.416,10.879
0.00165969,0.00324449,0.0202493,1,194,126.416,12.5731
0.00179848,0.00331751,0.020583,1,197,126.416,11.3594
0.00176341,0.00335511,0.0208173,1,198,126.416,11.2538
0.00177155,0.00331004,0.0203821,1,196,126.416,11.731
0.000812124,0.00155038,0.00942912,1,196,126.416,12.5555
0.00181211,0.0031621,0.0201251,1,189,126.416,11.6833
0.00175255,0.00320404,0.0194094,0.979167,192,126.416,11.1828
0.00124039,0.00320947,0.0200941,1,196,126.416,11.1395
0.00173635,0.00315555,0.0196405,1,190,126.416,11.0014
0.00176711,0.00323633,0.0205082,1,195,126.416,12.9602
0.0017547,0.00311081,0.019399,1,188,126.416,11.701
0.00178359,0.00339922,0.0205801,1,200,126.416,11.573
0.00175646,0.00343318,0.0208603,1,202,126.416,12.1438
0.00176907,0.00319317,0.0198235,1,193,126.416,11.3608
0.00175093,0.00319539,0.0197652,1,191,126.416,11.6484
0.00174986,0.00325467,0.0222043,1,195,126.416,11.7205
0.00154124,0.00310678,0.0201379,1,198,126.416,12.2581
0.000672609,0.00130798,0.00798687,1,200,126.416,12.4951
0.00177455,0.00347471,0.0220004,1,202,126.416,11.5257
0.00173319,0.00318877,0.0194146,1,192,124.268,11.3575
0.00174382,0.00333338,0.0206821,1,199,124.268,11.3855
0.00104111,0.00150782,0.00916509,1,190,124.268,10.4254
0.000701957,0.00108775,0.00610666,1,187,124.268,11.1996
0.00173077,0.00327797,0.0198313,1,195,124.268,12.0039
0.00169753,0.0033805,0.020685,1,198,124.268,11.5157
0.0017725,0.00324,0.0204547,1,194,124.268,12.3385
0.00173318,0.00343868,0.0212264,1,201,124.268,11.8772
0.00177416,0.00320769,0.0199067,1,192,124.268,10.5149
0.00178368,0.00333715,0.0205936,0.994975,199,124.268,11.0059
0.00104202,0.00254809,0.0153976,1,202,124.268,12.4223
0.00177868,0.00331509,0.0204726,1,197,124.268,11.3447
0.00170966,0.00335652,0.012848,1,199,124.268,13.1788
0.00110245,0.00232782,0.0194151,1,196,124.268,12.5608
0.00175891,0.00330333,0.0215853,1,197,124.268,10.8604
0.0154011,0.00519485,0.0182741,1,261,124.268,12.4561
0.00109171,0.00113118,0.00665411,1,201,124.268,10.7805
0.00252363,0.00330486,0.0200581,1,190,124.268,10.795
0.00176892,0.00316454,0.0200689,1,191,124.268,11.6384
0.00176233,0.0031998,0.0198176,1,192,124.268,11.7382
0.00179891,0.00322738,0.019902,1,194,124.268,12.6371
0.00130811,0.00272509,0.0201023,1,199,124.268,12.1035
0.0017706,0.00320647,0.0279987,1,192,124.268,12.1826
0.000981848,0.0017456,0.0195441,1,195,124.268,11.2211
0.00180465,0.00314461,0.0248671,0.994737,190,124.268,12.4534
0.00107306,0.00199251,0.0227217,1,194,124.268,12.7585
0.00181544,0.00319189,0.0198665,1,192,124.268,11.531
0.000724437,0.00139932,0.0110198,1,196,124.268,10.8008
0.00172278,0.0033675,0.0205958,1,199,124.268,12.0995
