Preprocessing Time (s),Feature Extraction Time (s),Prediction Time (s),Accuracy
0.00494548,0.00394621,0.0207873,1
0.00160923,0.00129717,0.00760932,1
0.00163309,0.00101195,0.00612171,1
0.00172489,0.00117492,0.00692466,1
0.00432337,0.00379702,0.0227347,1
0.00499901,0.00387046,0.0258677,0.988095
0.00525925,0.0042415,0.0289001,1
0.00499763,0.00416876,0.0256904,1
0.00580922,0.00410769,0.0263046,1
0.00610171,0.00464027,0.0281884,0.994413
0.00504974,0.00343447,0.0227257,0.982759
0.00235262,0.00171804,0.0100213,1
0.00369478,0.00322782,0.0233928,0.99435
0.00383326,0.0033545,0.0215606,0.994382
0.00272325,0.00229556,0.0108295,0.994286
0.00343902,0.00166138,0.0083486,1
0.00240118,0.00234183,0.0196022,1
0.00454921,0.00296456,0.0201356,1
0.00434677,0.00311188,0.0211647,0.976744
0.00458581,0.0032048,0.0262348,1
0.00382769,0.00333964,0.0211152,1
0.00482173,0.00361492,0.0226039,1
0.00641609,0.00378458,0.028278,1
0.00563693,0.00395285,0.0271997,1
0.00806075,0.00360537,0.0235271,1
0.00737938,0.00386101,0.0277785,1
0.00447283,0.00332476,0.016398,1
0.0033965,0.0025185,0.0155913,1
0.00423366,0.00289899,0.0182783,1
0.00428639,0.00280503,0.017657,1
0.00436898,0.00291835,0.018987,1
0.00411815,0.00279491,0.0172791,1
0.00421509,0.00283106,0.0172895,0.988095
0.00427342,0.00288585,0.0179537,1
0.00396836,0.0029502,0.01859,1
0.00391078,0.00304371,0.0180749,1
0.00400277,0.0030888,0.0192317,0.994413
0.00428897,0.00295591,0.0179576,0.982759
0.00416507,0.0028517,0.0175748,1
0.00410517,0.00295326,0.0186125,0.99435
0.00465813,0.00300827,0.0190537,0.994382
0.00363785,0.00297718,0.0181721,0.994286
0.00393371,0.00302419,0.0186945,1
0.00392579,0.00290035,0.0182722,1
0.0038908,0.00280453,0.0175822,1
0.00404427,0.00287918,0.0183589,0.976744
0.0039479,0.0031566,0.0185736,1
0.0039022,0.00283789,0.0174663,1
0.00404147,0.00286602,0.0174396,1
0.00398836,0.00327837,0.0186458,1
0.00396694,0.00289013,0.0179724,1
0.00419835,0.00292655,0.0179223,1
0.00415795,0.0028522,0.0208929,1
0.00420653,0.00293446,0.0186188,1
0.00403118,0.00282981,0.0182465,0.982143
0.00433967,0.00289363,0.0210886,1
0.00428055,0.00289761,0.0209147,1
0.0037606,0.00314364,0.0181867,1
0.00419363,0.00287392,0.0180299,0.994253
0.00392539,0.00321289,0.0188281,1
0.00403896,0.00335642,0.0179421,1
0.0042418,0.00290148,0.0181454,1
0.00406745,0.00289781,0.018582,1
0.00412413,0.00288284,0.0179316,1
0.00411842,0.0029123,0.0180288,0.994253
0.0037828,0.00292102,0.0180342,1
0.00398634,0.00295262,0.018872,1
0.00422636,0.00298816,0.017943,1
0.00411691,0.00286244,0.0216132,1
0.00391972,0.00304242,0.020448,1
0.00400657,0.00282459,0.0179537,1
0.00430932,0.00314547,0.0188537,0.988701
0.00416526,0.00349018,0.0186303,1
0.00413384,0.00300507,0.0183766,1
0.00425933,0.00296664,0.0222116,1
0.00450046,0.00363673,0.0193266,1
0.00417461,0.00281846,0.0182564,1
0.00418347,0.00297887,0.0220109,1
0.00536804,0.00366717,0.0188887,1
0.00417796,0.00300557,0.0188036,1
0.00421312,0.00295102,0.018532,1
0.00413533,0.00282439,0.0181349,1
0.00412347,0.00294145,0.0114178,1
0.00413246,0.0028504,0.0184027,0.982558
0.00413279,0.00294427,0.0184936,1
0.00418958,0.00298798,0.0189009,1
0.00414757,0.00278144,0.0173216,0.982036
0.00423373,0.00295998,0.0183284,1
0.00426262,0.00281755,0.0176861,0.988166
0.00421061,0.00288405,0.0181325,1
0.00456917,0.00296878,0.018953,1
0.00426148,0.00295418,0.018038,1
0.00412557,0.00294131,0.0197935,1
0.00375735,0.00270403,0.0184767,1
0.00417666,0.00313512,0.0194415,0.994595
0.00427738,0.00298794,0.0190954,1
0.00423441,0.00280113,0.017932,0.976744
0.00454997,0.00285222,0.0180939,1
0.00425947,0.00288833,0.0176461,1
0.00420963,0.00291483,0.0178029,1
0.0042395,0.00288137,0.0185664,1
0.0042168,0.00293986,0.0180388,1
0.00417215,0.00288809,0.0180971,1
0.00428979,0.00310388,0.0191806,1
0.00219028,0.00216588,0.0114536,1
0.00566867,0.00378179,0.0188851,1
0.00412112,0.00288273,0.0109167,1
0.00398898,0.00286129,0.0178617,0.994253
0.00426071,0.00291925,0.0179977,0.994286
0.00369945,0.00299261,0.0185519,0.994413
0.00383106,0.0027252,0.017851,1
0.00399542,0.0027957,0.0182496,1
0.00390509,0.00286986,0.0179697,1
0.00429804,0.0027625,0.0181158,1
0.00409143,0.00294431,0.0179315,1
0.00395067,0.00299691,0.0181414,1
0.0041074,0.00279575,0.0178027,0.988235
0.00401528,0.00281836,0.0180086,1
0.0039561,0.00283043,0.0177308,1
0.00416137,0.00280125,0.0175817,1
0.00443275,0.00275236,0.0171245,1
0.00420559,0.00286566,0.0176316,0.99422
0.00404302,0.00287308,0.0176059,1
0.00479449,0.00304565,0.0180074,0.988571
0.00410143,0.00288431,0.0179098,1
0.00415848,0.00283683,0.0178456,1
0.00444203,0.00288868,0.0178708,1
0.00374934,0.00288182,0.0183606,1
0.00377184,0.00273796,0.0177823,1
0.00450717,0.00270462,0.0180677,1
0.00407293,0.0028731,0.0179447,1
0.00429255,0.003415,0.0188101,0.994318
0.00393873,0.00280707,0.0174166,1
0.00397901,0.00297535,0.0184004,1
0.00407194,0.00293392,0.018234,1
0.00394049,0.00287561,0.0179511,1
0.00415776,0.00278287,0.0174827,1
0.00420332,0.0026762,0.0167176,1
0.00508747,0.00314503,0.0188754,1
0.00394435,0.00277303,0.0174757,1
0.00471166,0.00317816,0.017641,1
0.00395233,0.0029455,0.0181086,1
0.00425698,0.0028369,0.017564,1
0.00395633,0.00299714,0.0184142,1
0.00421287,0.00285011,0.01751,1
0.00395013,0.00295772,0.0189782,1
0.00417763,0.00294916,0.0180401,1
0.0041592,0.00310839,0.0187728,0.994505
0.00393177,0.00280565,0.0174802,1
0.00413055,0.0027589,0.0171812,1
0.00467376,0.00290719,0.0179934,1
0.00418975,0.00289197,0.0178641,1
0.00397034,0.00296133,0.0180981,1
0.0044647,0.00278908,0.017605,0.994118
0.00423153,0.00285796,0.0179226,0.988439
0.00407825,0.00289056,0.0178147,1
0.00395183,0.00286098,0.0176853,0.994152
0.00523419,0.00422402,0.0225275,1
0.00430336,0.00287412,0.0112076,1
0.00476514,0.00268072,0.0170303,1
0.0050279,0.00325759,0.0184147,1
0.00421172,0.00274457,0.0189533,1
0.0040301,0.00288414,0.0182498,1
0.004263,0.00289444,0.0179505,0.988372
0.00396734,0.0029031,0.0180947,1
0.00466989,0.00275395,0.0177087,1
0.00411182,0.00300652,0.0187459,1
0.00407445,0.00274955,0.0182014,1
0.00447972,0.00291383,0.0187034,1
0.00395452,0.00287123,0.0194275,1
0.00422798,0.00289627,0.018936,0.988304
0.00479315,0.00292453,0.0184509,1
0.00401616,0.00309135,0.018714,0.972376
0.00420894,0.00292695,0.0181597,0.994286
0.00397786,0.00310943,0.0189442,1
0.00395827,0.00290453,0.0191116,1
0.00409026,0.00301805,0.0192408,0.994318
0.00391113,0.0029465,0.0178763,0.99422
0.00413713,0.00287351,0.0181803,1
0.00394634,0.00299883,0.0180831,0.982955
0.00440804,0.00281859,0.0179148,0.99422
0.00446136,0.00363544,0.0179414,1
0.00395824,0.00278049,0.0172705,1
0.00409518,0.00301481,0.0186776,1
0.00397277,0.00281337,0.0173895,1
0.00430829,0.0028969,0.0177137,1
0.00398651,0.00289782,0.0180228,1
0.00395033,0.00284191,0.017529,1
0.00400037,0.00288096,0.0176495,1
0.00472712,0.00285992,0.0177321,1
0.00407856,0.00288216,0.017646,1
0.00409942,0.00286483,0.0180143,1
0.00406837,0.00282403,0.0175757,1
0.00399697,0.00297697,0.0182108,1
0.00400875,0.00287442,0.0177006,1
0.00425553,0.00287978,0.0180886,1
0.00405467,0.0029328,0.017984,1
0.00393142,0.00293706,0.0118906,1
0.0045011,0.00282067,0.017471,1
0.00398182,0.00288218,0.0183527,1
0.00405198,0.0028743,0.0177841,1
0.00397627,0.00292615,0.0177673,1
0.00467717,0.00302316,0.00967685,1
0.00458941,0.00308562,0.0174092,1
0.00404823,0.00279136,0.0174633,1
0.00392376,0.0029925,0.0184853,0.994444
0.00397395,0.00284855,0.0178376,1
0.00395386,0.00293326,0.017986,1
0.00391675,0.00290351,0.0178733,0.99422
0.00407625,0.00273177,0.0170344,1
0.00391121,0.00290369,0.0177994,0.99422
0.00400707,0.0026898,0.0175791,1
0.0037254,0.00288296,0.0179034,1
0.00389709,0.00293217,0.0111017,0.994286
0.00442994,0.00283492,0.0175024,1
0.00411074,0.00277459,0.0174689,1
0.00412451,0.00288164,0.0187239,1
0.00414462,0.00280527,0.0183832,1
0.00394921,0.00284244,0.0178556,0.99422
0.00412195,0.00291861,0.0205306,0.994286
0.0041941,0.00299812,0.0181742,1
0.00424089,0.00287329,0.017801,0.988439
0.00417066,0.00263817,0.0166167,0.98773
0.00428277,0.00296459,0.0178241,0.994253
0.00417877,0.00285833,0.0176369,1
0.00410583,0.00291191,0.0182893,1
0.00414944,0.00286937,0.0175407,1
0.00408672,0.00280106,0.0172941,1
0.00413258,0.00284446,0.01769,1
0.00413526,0.00293266,0.0197125,1
0.00424676,0.00282722,0.0179014,1
0.0040827,0.0033661,0.0180916,1
0.00381831,0.00248723,0.0167131,1
0.00439174,0.00270071,0.0174644,1
0.00411363,0.00287247,0.0230785,1
0.00418823,0.00282349,0.022119,1
0.00415829,0.00292654,0.022753,1
0.00410533,0.00351809,0.0241839,0.994318
0.00409464,0.00277363,0.0231495,1
0.00407913,0.00290315,0.0223151,1
0.0041161,0.00285627,0.0225806,1
0.00420729,0.00282907,0.0235502,1
0.0042861,0.00284032,0.0229962,0.994083
0.00409857,0.00291661,0.0227039,0.988439
0.00425406,0.00289379,0.0239142,1
0.00410776,0.00291603,0.0228247,1
0.00423237,0.00299097,0.0242069,1
0.00408677,0.00287469,0.0227806,1
0.00426592,0.00305506,0.0244444,1
0.00408481,0.00288484,0.0229159,1
0.00424071,0.0028726,0.0229473,0.988506
0.00419668,0.00284043,0.0235594,1
0.00413099,0.00278179,0.0234762,1
0.0042209,0.00270169,0.0218983,1
0.00425195,0.00287444,0.0236613,0.982659
0.00412749,0.00284053,0.0224656,1
0.00411846,0.00289169,0.0236091,1
0.00410808,0.00280813,0.0239239,1
0.00529941,0.00400456,0.0217707,0.99435
0.00409289,0.00295493,0.0245773,1
0.0041283,0.0028887,0.0225862,1
0.00419263,0.0028449,0.0236796,1
0.00412001,0.00293451,0.0228476,1
0.00418165,0.00272896,0.0222901,1
0.00422987,0.00278549,0.0222675,0.988095
0.00409281,0.00309386,0.0234578,1
0.0041129,0.0028122,0.0222727,1
0.00422129,0.00294095,0.0235313,0.994286
0.0043127,0.00271075,0.0228568,1
0.00410266,0.00277352,0.0223363,0.988166
0.00418939,0.00300971,0.024432,1
0.00470488,0.00383899,0.0217355,0.994253
0.00420338,0.00276011,0.02337,1
0.00434032,0.0028463,0.0233401,1
0.00393847,0.00278203,0.017861,1
0.00531546,0.0037732,0.0216142,1
0.00411185,0.00280619,0.02241,1
0.00521262,0.00400496,0.0224419,1
0.00519772,0.00404203,0.0156553,1
0.0041732,0.00288035,0.00881338,1
0.0043362,0.00283291,0.0172266,1
0.00407378,0.00284268,0.0176769,1
0.0044005,0.00306313,0.0185339,1
0.00406391,0.00294508,0.0180768,1
0.0046983,0.00298893,0.018286,1
0.0041887,0.00289888,0.0176493,1
0.00463573,0.00305609,0.018316,1
0.00405883,0.00281803,0.0173242,0.994048
0.00428188,0.00282971,0.0177735,1
0.0042319,0.00336929,0.0210719,0.994012
0.00396622,0.00303517,0.0160578,1
0.00408805,0.00280742,0.0174663,1
0.00411242,0.00285933,0.0179714,1
0.00424363,0.00282621,0.0179109,0.994186
0.00411019,0.00285415,0.0182103,0.982759
0.00401643,0.00299035,0.018024,1
0.00416822,0.00297996,0.0181409,0.994318
0.00378657,0.00291045,0.0182495,1
0.0039142,0.00281891,0.0189529,1
0.00426957,0.00302563,0.0187279,0.982955
0.00414124,0.00298532,0.0181897,1
0.00412884,0.00293591,0.0180371,1
0.00400835,0.00305014,0.0188214,1
0.00419874,0.00295154,0.0183749,0.994382
0.00413223,0.00291978,0.0183733,1
0.00436779,0.00316681,0.0186458,1
0.00418914,0.00286636,0.0175183,0.988372
0.00410778,0.00287097,0.0173984,1
0.00415789,0.00284163,0.017655,1
0.00413454,0.0028393,0.0174283,1
0.00398771,0.0028152,0.0173723,0.988095
0.00411939,0.00392464,0.0180991,0.971264
0.00430264,0.00298378,0.0179912,0.994253
0.00428439,0.00299775,0.0180524,0.994318
0.00470574,0.00299376,0.0160908,0.994286
0.00413542,0.00287431,0.019406,1
0.00419873,0.00283965,0.0190282,1
0.00396455,0.00282712,0.0184001,1
0.00374529,0.0027145,0.0171047,1
0.00392768,0.0028292,0.0180524,1
0.0039117,0.00293861,0.0183946,1
0.00389321,0.00264728,0.0170781,1
0.00390082,0.00282179,0.0180876,1
0.00385681,0.00284361,0.022729,1
0.0039115,0.00269125,0.0175206,0.994083
0.004095,0.00279837,0.0194608,1
0.00390715,0.0026228,0.0172421,1
0.00398498,0.00296345,0.0178578,1
0.00422275,0.00287714,0.0177456,0.99422
0.00410835,0.00297348,0.0179352,1
0.00415318,0.00266361,0.0166928,1
0.00427262,0.00288366,0.0188857,0.994253
0.00388527,0.00263578,0.0170829,1
0.00407516,0.00266652,0.016939,0.976048
0.00391111,0.00297693,0.0181676,0.99435
0.0041353,0.00279948,0.0173707,1
0.00411746,0.00280024,0.0174463,1
0.00409224,0.00298378,0.017941,0.994318
0.00409549,0.00299431,0.0184238,0.994413
0.00408549,0.00291807,0.0176865,0.988372
0.00409022,0.0028452,0.0176221,0.988372
0.00402499,0.00293215,0.01786,1
0.0041516,0.00291524,0.0178275,0.988506
0.00420721,0.00280195,0.0176509,1
0.00408059,0.0028394,0.0177468,0.994186
0.00410689,0.0028961,0.0178061,1
0.00474127,0.00307974,0.0175475,0.988372
0.00413293,0.00286045,0.0176022,1
0.00425716,0.00289202,0.0177679,1
0.00414627,0.00310691,0.0201278,1
0.00413938,0.00271964,0.017191,1
0.00416711,0.00290163,0.0174956,1
0.0041834,0.00293736,0.0181265,1
0.00418836,0.0028539,0.0178481,1
0.00426418,0.0029367,0.0180057,1
0.00410241,0.00305733,0.0189525,1
0.00403644,0.00303945,0.0182165,1
0.00393667,0.00290679,0.0177654,1
0.00406996,0.00287263,0.0179428,1
0.00440947,0.00307949,0.0184155,1
0.00415933,0.00284586,0.0180188,1
0.00421182,0.00282775,0.0177506,0.994186
0.00408376,0.00307029,0.018757,1
0.00391582,0.00304778,0.018105,1
0.00409297,0.00304453,0.0182369,1
0.00406684,0.00270746,0.0173513,1
0.00414231,0.00279019,0.0174871,0.982143
0.003912,0.0028642,0.0175402,1
0.00383846,0.00274498,0.0177876,1
0.00379694,0.0028658,0.0177288,1
0.00380391,0.00278594,0.0175903,1
0.0037504,0.00271736,0.0174376,1
0.00388402,0.00268699,0.0177174,1
0.00396062,0.00304199,0.0180687,0.988701
0.00400073,0.00282919,0.017483,1
0.00393771,0.00300596,0.0176056,1
0.00410437,0.00290923,0.017692,1
0.00420331,0.00281203,0.0175745,0.988304
0.00409214,0.00290969,0.0175887,1
0.00410547,0.00287671,0.0178156,0.994152
0.00431176,0.00290731,0.0199654,1
0.00252107,0.00218889,0.0140333,1
0.00399871,0.00261707,0.0178232,1
0.00373815,0.00269758,0.0172255,1
0.00412103,0.00285615,0.0208326,1
0.00381585,0.00301948,0.0180856,1
0.00405409,0.00283642,0.019087,0.994152
0.00403586,0.00272096,0.0172641,1
0.00386756,0.00307376,0.0183845,0.994413
0.00393173,0.0028856,0.0180155,1
0.00382842,0.00282621,0.0179078,0.99422
0.00375758,0.00277496,0.0177782,1
0.00374528,0.00273324,0.0174421,0.994118
0.00382252,0.00272802,0.0172961,1
0.00368028,0.00289458,0.0183136,1
0.00411137,0.00290127,0.0182114,1
0.00375085,0.00280735,0.0177787,1
0.00383274,0.00283393,0.0183627,1
0.00396585,0.00287223,0.00569198,1
0.00418286,0.00281663,0.0178399,1
0.00413044,0.00289029,0.0179842,0.99422
0.00412172,0.00311226,0.0184954,1
0.00413216,0.00273436,0.0174165,1
0.00402892,0.00306594,0.0183242,1
0.00406589,0.00334478,0.0177014,0.994118
0.00418338,0.00281956,0.0172938,1
0.00402008,0.00296916,0.0181901,1
0.00531299,0.00321538,0.019139,1
0.00376052,0.0028431,0.0179645,1
0.00425164,0.00283865,0.0172144,1
0.0039869,0.00272191,0.0170244,1
0.00379747,0.00284073,0.0180491,0.988571
0.00381948,0.00290447,0.0183768,1
0.00384208,0.00268842,0.0171605,1
0.0038749,0.00279337,0.0174795,0.994152
0.00373183,0.00278626,0.0177987,1
0.00374611,0.00287943,0.0183529,0.994382
0.00398641,0.00274493,0.0179874,1
0.00384938,0.00288946,0.0183705,1
0.00372636,0.00268562,0.0171914,0.994048
0.00399753,0.00279721,0.0181055,1
0.00387363,0.0029076,0.0178864,1
0.00350046,0.00284204,0.0184076,1
0.00179731,0.00121144,0.0109009,0.994186
0.00396245,0.00274293,0.0176973,0.994186
0.00394411,0.00282747,0.0178754,1
0.00404908,0.00274508,0.0179391,1
0.00437639,0.00297518,0.0179386,1
0.00398568,0.00286574,0.0176461,1
0.00372806,0.00271201,0.018299,0.982143
0.00380498,0.00279899,0.0174341,0.988506
0.0040216,0.0028382,0.0178597,0.994118
0.00287036,0.0024051,0.0170834,0.994012
0.0038819,0.00294885,0.0181424,1
0.00416563,0.00301695,0.0184337,1
0.00400021,0.00282988,0.0175688,1
0.00386247,0.00287301,0.0177568,1
0.00386058,0.00277734,0.0179377,1
0.00377616,0.00284265,0.0175985,1
0.00371799,0.00279853,0.017736,0.99422
0.00406511,0.00286678,0.0182461,0.988701
0.00391411,0.00285818,0.0179528,1
0.00385161,0.00281111,0.0174604,0.994152
0.00394831,0.00271988,0.0174964,1
0.00369951,0.00284092,0.0179382,1
0.00371589,0.00288524,0.0177205,1
0.00375556,0.00289635,0.0185574,1
0.00390537,0.00271898,0.0175268,1
0.00377717,0.00283668,0.0176897,1
0.00380891,0.00272218,0.0174641,1
0.00375795,0.0026849,0.0173854,1
0.00381447,0.00291338,0.0180617,1
0.0040416,0.00280592,0.0180373,1
0.00268134,0.00190072,0.0124034,0.994286
0.00389861,0.00279032,0.0176743,1
0.00395959,0.00284862,0.019013,1
0.00385635,0.00300035,0.0179489,0.994318
0.0039765,0.00296837,0.0181013,1
0.0040231,0.00279618,0.0174992,1
0.00387962,0.00282566,0.0174643,1
0.00400304,0.00281252,0.0174128,1
0.00397392,0.00291488,0.0176485,1
0.00387127,0.00305384,0.0182294,1
0.00397794,0.00272811,0.0172168,1
0.00392918,0.00293458,0.0179003,1
0.00387745,0.00281741,0.0173145,1
0.00429436,0.00314749,0.0182756,1
0.00411355,0.00299783,0.0233261,1
0.00263058,0.0020982,0.016262,1
0.00446326,0.00294432,0.0149234,1
0.00172636,0.00128371,0.00813247,1
0.00396181,0.00282345,0.0174074,1
0.00510414,0.00334068,0.0140389,1
0.00413691,0.00282131,0.0229424,1
0.0041999,0.003948,0.0234511,1
0.00434903,0.00278274,0.0236468,1
0.00522588,0.00377144,0.0234109,1
0.00497707,0.00364232,0.0238382,1
0.00422222,0.00301762,0.0112013,1
0.00395785,0.00279773,0.0173905,1
0.00428182,0.00276086,0.0176524,0.976744
0.00387667,0.00300885,0.0185264,1
0.0040529,0.00295817,0.0179962,1
0.0039507,0.00283952,0.017376,1
0.00418168,0.00286262,0.0185836,1
0.00413126,0.00290656,0.0177104,1
0.00404379,0.00285887,0.0182079,0.994253
0.00372936,0.00285829,0.0179326,1
0.00400707,0.00162774,0.00609065,1
0.00422429,0.00283265,0.0172364,1
0.00417908,0.0030627,0.0176637,1
0.0041556,0.00285846,0.017726,0.994186
0.00423314,0.00295941,0.0181035,1
0.00433881,0.00295492,0.0164067,1
0.00419691,0.00285105,0.0178469,0.97093
0.00417093,0.00292958,0.0182105,1
0.00434398,0.00393704,0.0202622,1
0.00429982,0.00291707,0.0180455,1
0.0043355,0.00377792,0.0176253,0.994186
0.00426336,0.0028433,0.0174398,1
0.00491358,0.00290872,0.017312,0.988166
0.00439831,0.00279514,0.0171812,0.994048
0.0044645,0.00304254,0.0183556,1
0.00425128,0.00302745,0.0110646,1
0.00410226,0.00282326,0.0170788,1
0.00424276,0.00302504,0.018219,0.99435
0.00425264,0.00282803,0.0171574,1
0.00409158,0.0030462,0.0184393,1
0.00410709,0.00288093,0.0176616,0.994152
0.00411052,0.00346437,0.0183638,1
0.00420952,0.00295819,0.0181876,1
0.00432564,0.00295087,0.0177845,0.994152
0.00401994,0.00284069,0.0176182,1
0.00375684,0.00276929,0.0173897,1
0.00446267,0.00283832,0.0215963,1
0.00205191,0.00144625,0.0141565,1
0.00431485,0.00271849,0.0169981,1
0.00409743,0.00286884,0.0182988,1
0.00419997,0.00297788,0.0181941,0.99435
0.00410694,0.00294577,0.0195448,0.988571
0.00131517,0.00104084,0.00571287,1
0.00387248,0.00280286,0.018084,1
0.00413927,0.00270542,0.0129734,1
0.003865,0.00287138,0.0176194,0.982759
0.00115732,0.000938439,0.00722146,1
0.00494919,0.00303664,0.0177266,1
0.00420245,0.00298173,0.0207355,0.988372
0.00234213,0.00173314,0.0117112,1
0.00149802,0.00114836,0.00677033,0.988827
0.00448871,0.00395271,0.019202,1
0.00429819,0.00362471,0.0177286,0.99422
0.00438682,0.0029372,0.0177654,1
0.00381217,0.00369143,0.0252853,1
0.0043143,0.00338055,0.0223122,1
0.00421217,0.00297403,0.023589,0.988636
0.00418883,0.00273507,0.0176248,1
0.00376816,0.00283798,0.0177243,1
0.00407305,0.00292365,0.0176956,0.994152
0.00419099,0.00289586,0.0176707,0.994118
0.00397395,0.00303914,0.0181107,1
0.00421902,0.00284509,0.0176636,1
0.00403672,0.00296001,0.017828,1
0.00391257,0.00297221,0.018069,0.99422
0.00417996,0.00294993,0.0181572,1
0.00416415,0.00295666,0.0181766,0.976608
0.00418761,0.00303967,0.0183915,1
0.00453689,0.00293839,0.0231263,1
0.00418353,0.00292861,0.0227287,1
0.00393292,0.00279306,0.0172932,1
0.00404328,0.00284838,0.0177099,1
0.0039811,0.00271415,0.0172678,1
0.00409401,0.00280155,0.0174103,1
0.00417858,0.00308586,0.0185929,1
0.00418372,0.00285855,0.0174916,1
0.00401997,0.00300088,0.0183926,0.994382
0.00412015,0.00307706,0.0179278,1
0.00445598,0.00291642,0.0177371,1
0.00442067,0.0031173,0.00744054,1
0.00444854,0.0028727,0.017349,1
0.00427031,0.00279691,0.0178326,1
0.00409889,0.00283545,0.0172358,0.988095
0.00437438,0.00300049,0.0187498,1
0.00465109,0.00304151,0.0167624,0.99422
0.0011099,0.000739056,0.00427044,1
0.00107744,0.000832673,0.00444675,1
0.00453568,0.00279591,0.0171854,1
0.00404318,0.00283673,0.0165856,0.994118
0.00409472,0.00301696,0.0178121,1
0.00389246,0.00274396,0.0175117,1
0.00391108,0.00269417,0.0108302,1
0.00450495,0.00305649,0.0178323,1
0.00401332,0.00295103,0.0183182,1
0.00434997,0.00293767,0.0176985,1
0.00372469,0.00281458,0.017493,1
0.003873,0.00279238,0.0177035,0.99422
0.00386192,0.00289717,0.0179717,0.994286
0.00395501,0.0027148,0.0174438,1
0.00386548,0.00275049,0.0177279,1
0.00383006,0.00287032,0.0178586,0.994286
0.00401141,0.0028557,0.0181403,1
0.0039588,0.00277131,0.0185613,1
0.00383331,0.00276823,0.0173154,1
0.00380744,0.00278296,0.0176471,1
0.0038363,0.0027964,0.0178672,1
0.00392621,0.00271242,0.0162987,1
0.00417921,0.00279626,0.0176194,1
0.00438508,0.00285839,0.0176022,1
0.00397796,0.00288748,0.0177937,0.994286
0.00408758,0.00286846,0.0177229,1
0.00463299,0.00285329,0.0181139,1
0.00391038,0.0029293,0.0175072,0.994186
0.00394979,0.00304291,0.0182171,1
0.00409062,0.00297679,0.0179982,0.99435
0.00421073,0.0034656,0.0180463,1
0.00403596,0.00297426,0.0179301,1
0.00408068,0.00292177,0.0181208,1
0.0040121,0.00288928,0.0174388,1
0.00483536,0.00289883,0.0175119,1
0.00415354,0.00401009,0.0180278,0.983146
0.00417824,0.00369842,0.017206,0.994083
0.00460864,0.00385792,0.0175762,1
0.00421405,0.0028198,0.0173712,1
0.00408477,0.00294717,0.0178004,1
0.00423318,0.00294307,0.0181963,1
0.00427064,0.00386421,0.0176157,0.99422
0.00410369,0.0029179,0.0178441,1
0.0040885,0.00397481,0.0180578,1
0.00433782,0.00371883,0.0180997,1
0.00433825,0.0027098,0.0170778,0.994012
0.00401417,0.00294245,0.0184068,1
0.00406061,0.00285165,0.0176044,1
0.00404922,0.00289732,0.017942,0.988636
0.00414569,0.00272728,0.0169918,1
0.00409752,0.00290259,0.0180994,1
0.00410274,0.0027057,0.0169503,1
0.00404916,0.0028537,0.0175914,1
0.00269803,0.00186765,0.0114598,1
0.00417424,0.00297722,0.0179356,1
0.00409024,0.00307524,0.0187328,1
0.00437664,0.00288088,0.0178862,1
0.0029559,0.00271698,0.0178454,1
0.00494409,0.00315835,0.0173625,0.982456
0.00397651,0.00292138,0.0179484,1
0.00431958,0.00301742,0.0200861,1
0.00311778,0.00269271,0.0182966,1
0.00421558,0.00290842,0.0180582,0.994286
0.00429317,0.00292603,0.0180742,0.982955
0.00428963,0.00287036,0.0217624,1
0.00446771,0.00295654,0.0234497,1
0.00432759,0.00258098,0.0099114,0.994152
0.00455691,0.00286369,0.0238502,0.988235
0.0043314,0.00282946,0.0187505,1
0.00419845,0.002855,0.0228375,1
0.00420804,0.00300655,0.0229886,1
0.00426427,0.00360394,0.0232562,0.993976
0.004195,0.0030047,0.0238551,1
0.0042161,0.00311394,0.02392,1
0.00548047,0.003755,0.0208492,1
0.00441555,0.00285671,0.0109155,1
0.00463091,0.00301552,0.0233203,1
0.00440081,0.00394573,0.0237872,1
0.00425296,0.00282923,0.0225827,1
0.00528015,0.00391608,0.0230805,1
0.00495673,0.00291463,0.0106753,0.994318
0.00465203,0.00282174,0.0176553,0.994186
0.00435452,0.00281291,0.0176728,1
0.00476647,0.00301097,0.0187748,1
0.00411292,0.00296035,0.0182755,1
0.00374654,0.0027435,0.0173741,1
0.00383576,0.00286478,0.0176916,1
0.00396624,0.00293765,0.0177134,1
0.0042591,0.00350132,0.0189098,0.99422
0.00407726,0.00280321,0.0172576,1
0.00399555,0.00284727,0.0175208,1
0.00435081,0.00292606,0.017493,0.982456
0.00376378,0.00293799,0.0184957,1
0.00375934,0.0027598,0.0176892,0.994253
0.0040171,0.00268983,0.017518,1
0.00434402,0.00272663,0.017685,1
0.00378551,0.00300935,0.0180932,0.994286
0.0039565,0.00289393,0.0179906,1
0.00390623,0.00292919,0.0180942,1
0.00401518,0.00283292,0.0175305,1
0.00385016,0.00287583,0.0179226,1
0.00395743,0.00288536,0.0174374,1
0.00393445,0.00293869,0.0181302,1
0.00391593,0.00287206,0.0178188,0.994286
0.00442684,0.00284783,0.0183783,1
0.00357835,0.00284979,0.017898,0.988372
0.00389238,0.00280212,0.0176908,1
0.00404478,0.00283828,0.0182009,1
0.00404708,0.00298656,0.0187773,1
0.00273064,0.00194304,0.0161935,1
0.00395895,0.00281384,0.0175935,1
0.00405154,0.00309304,0.0187851,1
0.00394758,0.00303698,0.0177974,1
0.00409317,0.00299746,0.0176676,1
0.00407226,0.00317342,0.0190504,1
0.00269533,0.00187437,0.011921,1
0.00406871,0.00293668,0.0182034,0.994286
0.00428191,0.00288298,0.017246,1
0.00403945,0.0029313,0.0180012,1
0.00396861,0.00291825,0.0180504,1
0.00409577,0.00305648,0.0183277,1
0.00385695,0.00320708,0.0174532,1
0.00403138,0.0032359,0.0194474,1
0.0039624,0.00275663,0.0171659,1
0.00409882,0.00302494,0.018864,1
0.0048591,0.00296323,0.0188196,1
0.00422495,0.00289761,0.0175652,0.99422
0.00411943,0.00367872,0.017897,1
0.004044,0.00317812,0.0180697,1
0.00256626,0.00190086,0.0122297,1
0.00410771,0.00301177,0.0182131,1
0.00418896,0.00315807,0.0192193,0.988304
0.00407616,0.002984,0.0180977,0.982759
0.00401443,0.00331397,0.0179142,1
0.00398846,0.00290206,0.0151215,1
0.00405489,0.00292637,0.0183032,0.988439
0.00479676,0.00333411,0.0153349,0.994152
0.00537936,0.00333455,0.014086,1
0.00416669,0.00290943,0.0174517,0.988304
0.00492015,0.00293675,0.0213007,1
0.00565274,0.00381133,0.0227083,0.982659
0.00328162,0.00308899,0.0200774,1
0.00420199,0.00380557,0.023788,1
0.00498027,0.00407129,0.0245508,1
0.00422992,0.00291305,0.0237805,1
0.00435149,0.00286375,0.0239158,1
0.00535864,0.00284225,0.0125078,1
0.00414281,0.00310347,0.0233503,0.994505
0.00339379,0.0028688,0.018211,1
0.00379054,0.00278908,0.0176141,1
0.00260047,0.00190805,0.0142219,1
0.00376391,0.00281871,0.0117363,1
0.0055312,0.00398661,0.0246479,1
0.00426067,0.00296828,0.0231188,1
0.00426297,0.0029706,0.0244981,1
0.00457654,0.00384357,0.0231789,1
0.00411268,0.00297763,0.0240397,1
0.00421437,0.00289447,0.0238139,0.994186
0.00479845,0.00379006,0.0231811,1
0.00439994,0.00280145,0.0230829,1
0.00429415,0.00401872,0.0233721,0.994475
0.00528836,0.00381452,0.0223196,1
0.00390189,0.00180852,0.00616084,1
0.00424373,0.00298684,0.0185236,1
0.00414402,0.00303855,0.0185101,0.994444
0.00414261,0.00301408,0.0189432,1
0.0016842,0.00110618,0.00753201,1
0.00453623,0.00308203,0.0240326,1
0.00417767,0.00286807,0.0177931,1
0.00428174,0.002894,0.0188591,1
0.00410125,0.00292067,0.0231389,1
0.00182245,0.00121052,0.00986515,1
0.00414951,0.0030446,0.0247186,1
0.00523074,0.00372687,0.0143109,1
0.00407703,0.00302237,0.0241701,1
0.00415852,0.00307431,0.0217862,0.994382
0.00528033,0.00364385,0.0147606,1
0.00432851,0.00286302,0.017331,1
0.00433012,0.00286448,0.0225121,1
0.00427112,0.00298198,0.0237041,1
0.00497491,0.00298888,0.0117458,1
0.00403013,0.00285567,0.0178307,1
0.00424918,0.00288031,0.0219091,1
0.00544413,0.00380672,0.016448,1
0.00411694,0.00306685,0.0239728,0.994444
0.00235511,0.00186971,0.0105471,1
0.00534048,0.00380915,0.0132068,1
0.0045495,0.0037296,0.0223981,1
0.00376171,0.00268569,0.0160942,1
0.00441701,0.00292913,0.0179307,0.994286
0.00388374,0.00296712,0.0193752,1
0.00378872,0.0028118,0.0177119,1
0.00390799,0.00296223,0.0184061,1
0.00446627,0.00325702,0.0191372,0.99422
0.0037446,0.00299689,0.0193084,1
0.00379424,0.00266656,0.0180031,0.988024
0.00407164,0.00285204,0.0195714,1
0.00272904,0.00248888,0.0118213,1
0.00399548,0.00271182,0.0172613,0.994048
0.00403252,0.00336229,0.0181367,1
0.00402957,0.00290921,0.0197282,1
0.00266852,0.00184319,0.0117607,1
0.00393426,0.00305224,0.0187226,1
0.00546892,0.00138175,0.00837947,1
0.00389731,0.00274103,0.0174119,1
0.00422854,0.00295379,0.0178382,1
0.0041743,0.00286349,0.0178564,0.982249
0.00411259,0.00290929,0.0178576,1
0.00422396,0.00404191,0.0183628,1
0.00448853,0.0029667,0.0179095,0.994318
0.00411384,0.00284392,0.017409,0.994118
0.00409827,0.00294414,0.0179073,1
0.0042123,0.00290453,0.017787,0.982558
0.00432171,0.00286366,0.0180016,0.988166
0.00430646,0.00280071,0.0172926,1
0.00433351,0.00306681,0.018674,0.994413
0.00430362,0.00273919,0.0176936,1
0.00409793,0.00292234,0.0142027,1
0.00417232,0.00282084,0.0203199,1
0.00374123,0.0027914,0.0185034,1
0.00350254,0.00273917,0.0176313,1
0.00399994,0.00304931,0.0185437,1
0.00404058,0.0029173,0.0183166,0.994413
0.00393519,0.00293012,0.0183916,0.994318
0.00393019,0.00272503,0.0170591,0.988024
0.0038716,0.00293801,0.0184173,0.994444
0.00433377,0.00304269,0.0190019,0.994413
0.00383037,0.00275171,0.0173681,1
0.00378667,0.00287312,0.0178054,1
0.00411396,0.00279139,0.0173029,1
0.00420984,0.00300036,0.0206119,1
0.00404798,0.00284533,0.017236,0.994083
0.00418463,0.00299452,0.0182894,1
0.00406799,0.00286027,0.0175085,1
0.00405856,0.00284103,0.0177595,1
0.00344082,0.00200828,0.00888005,1
0.00413352,0.00287846,0.0178991,1
0.00433744,0.00295361,0.0178195,0.982456
0.00411222,0.00283222,0.0175782,1
0.00403155,0.00285292,0.0180706,0.994083
0.00430472,0.00275778,0.0162376,1
0.00395208,0.002785,0.0151097,0.99422
0.00403549,0.00264228,0.0171806,1
0.0040326,0.00284187,0.0205195,1
0.00398247,0.00301766,0.0184147,0.994536
0.00375122,0.00291276,0.0184193,1
0.00421846,0.00400563,0.0192555,1
0.00410087,0.00267855,0.0176941,1
0.00383573,0.00298037,0.0185473,1
0.00390296,0.00271111,0.0172309,0.988439
0.00255736,0.000952982,0.0063647,0.99422
0.00321112,0.00263039,0.0183706,1
0.00387317,0.00281722,0.0174832,1
0.004003,0.00300785,0.0184422,1
0.00435969,0.00293853,0.0178609,1
0.00302752,0.00193038,0.0117316,1
0.0043835,0.00295809,0.0187138,0.988701
0.00412907,0.00298251,0.0183918,1
0.00403624,0.00293021,0.0180629,1
0.0046556,0.00293649,0.0179147,1
0.00401217,0.00293166,0.0183395,1
0.00414018,0.0028915,0.0181766,1
0.00411246,0.00302874,0.0181432,1
0.00399184,0.00293467,0.0179977,1
0.00419281,0.0029213,0.0186181,1
0.00396301,0.00321999,0.0189308,1
0.00388176,0.00295581,0.0193455,1
0.00376514,0.00275893,0.0177958,1
0.00378361,0.00277671,0.0193068,0.988372
0.00354173,0.00271482,0.0179689,0.994118
0.00421299,0.00276337,0.0187876,1
0.00374177,0.0030413,0.0181721,1
0.00402388,0.00339758,0.0188943,1
0.00389891,0.00298593,0.0190276,1
0.00422729,0.00289272,0.0173664,0.988372
0.00414371,0.00280367,0.0183608,1
0.00381933,0.00330198,0.0186502,1
0.00388281,0.00281153,0.0177213,1
0.00503894,0.00300492,0.0173587,1
0.00426765,0.00296556,0.0190738,0.988571
0.00411947,0.0030256,0.017931,1
0.00378201,0.00278225,0.0117428,0.994253
0.00391316,0.00287678,0.0180884,1
0.00390012,0.00262925,0.0184041,1
0.00397883,0.00319198,0.0184272,1
0.00456321,0.00284067,0.0173074,0.994118
0.00406757,0.00299714,0.0197969,1
0.00388611,0.00285051,0.0235754,1
0.00376375,0.00276956,0.0210983,1
0.00531026,0.00361927,0.0131574,1
0.0040639,0.00315378,0.024371,0.994253
0.00382359,0.0028658,0.020559,1
0.00408879,0.00295276,0.024323,0.99435
0.00417006,0.00286688,0.0224145,1
0.00410055,0.00353609,0.0245601,0.988506
0.00567055,0.0038856,0.0180741,0.988636
0.00407183,0.00302402,0.0183372,1
0.00422059,0.00300852,0.0177142,0.988372
0.00398351,0.00290413,0.0178056,0.977143
0.00193275,0.00140936,0.00901751,1
0.00391245,0.00267777,0.0170775,0.994048
0.00394866,0.00268262,0.0177299,1
0.00370286,0.00306799,0.0189653,1
0.00403564,0.00297,0.0178619,1
0.0043368,0.00296128,0.0181574,1
0.00400892,0.00297863,0.0178862,0.99422
0.00400515,0.00301749,0.0203076,1
0.00414198,0.0027453,0.0102138,0.994048
0.00381653,0.00321231,0.0183902,1
0.00391381,0.00285796,0.0185964,1
0.00137397,0.000990838,0.00762499,0.994382
0.00387234,0.00284198,0.017984,1
0.00390216,0.00284072,0.0176235,1
0.00373781,0.00272468,0.0176403,1
0.0020854,0.00212672,0.0123314,1
0.00472992,0.00310422,0.0181866,1
0.0040511,0.00282396,0.0175688,0.988235
0.00438346,0.00285727,0.0104353,0.994152
0.0048822,0.00318356,0.0181635,1
0.00393284,0.00309067,0.018382,1
0.00389032,0.00277783,0.0179166,1
0.00409278,0.00302119,0.018308,0.988764
0.0048831,0.00289891,0.0176571,1
0.00424971,0.00284443,0.0179855,0.988304
0.00463279,0.00285825,0.0180911,1
0.00430094,0.00279832,0.0181911,1
0.00419556,0.0027317,0.0176218,1
0.00429664,0.00303018,0.0185666,1
0.00417534,0.00277756,0.0174591,1
0.00429672,0.00312355,0.0183594,0.982857
0.00420282,0.00278685,0.0170382,1
0.00417779,0.00284289,0.0172958,1
0.00435038,0.00305567,0.0178662,1
0.00270437,0.0020167,0.0201967,1
0.00429771,0.00297561,0.0131245,0.993976
0.00194334,0.00140978,0.00931362,1
0.00483485,0.00285694,0.0242046,1
0.00413893,0.00308374,0.023815,0.994152
0.00415361,0.00277487,0.0226995,1
0.00405259,0.00151224,0.00586201,1
0.00420651,0.00389523,0.0181203,1
0.00402741,0.00303762,0.0185387,1
0.00425262,0.00284162,0.0177478,1
0.0041878,0.00290906,0.0176718,1
0.00415976,0.00288377,0.0179064,1
0.00455255,0.00274352,0.0173908,1
0.0040466,0.00290001,0.0177566,1
0.00413519,0.00284866,0.0178092,1
0.00408592,0.00282837,0.0179518,1
0.00408397,0.00305036,0.0183318,1
0.00272735,0.00204524,0.0121472,1
0.00413792,0.0028599,0.017396,1
0.0041076,0.00284075,0.0174726,0.988304
0.00418521,0.00284659,0.0178941,1
0.00391099,0.00278015,0.0174244,0.994048
0.0041766,0.00268595,0.016908,0.993976
0.00429542,0.00294884,0.0179761,1
0.00268443,0.00182438,0.011518,1
0.00422215,0.00344238,0.0179784,1
0.00438967,0.00385707,0.0178106,0.99422
0.00391212,0.00275266,0.0112428,1
0.00437446,0.00272905,0.0173852,1
0.00396466,0.00283963,0.0180765,0.988571
0.00418256,0.00315432,0.0186675,1
0.00262475,0.0019349,0.0116738,0.988304
0.00402403,0.00302235,0.0180972,0.994382
0.00411098,0.00279672,0.0173867,1
0.00402278,0.00278464,0.0176837,1
0.00414813,0.00269912,0.017755,0.993939
0.00402113,0.00298674,0.0180245,0.983051
0.00419047,0.00276813,0.0175336,1
0.00399985,0.00290418,0.0177463,1
0.00420687,0.00302443,0.0109098,1
0.00488219,0.00320443,0.0180769,1
0.00430023,0.00281638,0.0174822,1
0.00389234,0.00288143,0.0119863,1
0.0046799,0.00325221,0.0174098,1
0.00399379,0.00299226,0.0180677,0.977273
0.00399404,0.00310044,0.0187247,0.988889
0.00423814,0.00287104,0.0180587,1
0.00409701,0.00297677,0.0179805,0.994318
0.0040198,0.00298117,0.0184471,0.99435
0.00399358,0.00306236,0.0184147,0.888268
0.00399841,0.0028911,0.0180422,1
0.00400459,0.00320549,0.018724,0.967213
0.00420973,0.00338215,0.011702,0.953846
0.00395357,0.00311594,0.018935,0.955556
0.00397812,0.00333676,0.0197172,0.905263
0.00427222,0.00360877,0.0202826,0.754902
0.0039979,0.00407114,0.0227014,0.663677
0.00400519,0.00352237,0.0212317,0.81
0.00383067,0.00288417,0.0176555,0.976744
0.00363704,0.00296105,0.0177677,1
0.00388039,0.00294206,0.018516,1
0.00383374,0.00364567,0.0183696,1
0.00399059,0.00301862,0.0178593,1
0.00410543,0.00332572,0.0185847,1
0.00409002,0.00288034,0.0177944,1
0.00393186,0.00288103,0.0175399,1
0.00427041,0.002923,0.0180333,1
0.00380938,0.00295234,0.0179357,0.994286
0.00400758,0.00307111,0.0186405,0.994475
0.00382622,0.00286728,0.0178562,1
0.00385643,0.00293299,0.018091,1
0.00375074,0.00287446,0.0182456,1
0.00383595,0.00280269,0.0178172,1
0.00398313,0.00277935,0.0173467,1
0.00407574,0.00299272,0.0111246,0.988764
0.00434101,0.00296331,0.0180411,1
0.00401417,0.00293658,0.0180313,1
0.00404798,0.00293684,0.0178839,1
0.00419387,0.00301011,0.0181547,1
0.00272566,0.00273489,0.0131491,1
